name,team,location,height,weight,year,country,url,changshu,xianfa,fenzhong,mingzhonglv,sanfen,faqiu,jingong,fanshou,defen,lanban,zhugong,qiangduan,gaimao,shiwu,fangui
Precious Achiuwa,热火,前锋,2.06,102.1 公斤,0,尼日利亚,https://china.nba.com//players/#!/precious_achiuwa,0,0,0,0,0,0,0,0,0,0,0,0,0,0,0
Jaylen Adams,雄鹿,后卫,1.83,102.1 公斤,2,美国,https://china.nba.com//players/#!/jaylen_adams,34,1,12.6,34.5,33.8,77.8,0.3,1.4,3.2,1.8,1.9,0.4,0.2,0.8,1.3
Steven Adams,鹈鹕,中锋,2.11,120.2 公斤,7,新西兰,https://china.nba.com//players/#!/steven_adams,530,466,26.8,58.9,10.0,55.7,3.4,4.2,9.8,7.6,1.2,0.9,1.0,1.4,2.6
Bam Adebayo,热火,中锋-前锋,2.06,115.7 公斤,3,美国,https://china.nba.com//players/#!/bam_adebayo,223,119,25.6,55.3,13.9,71.0,2.1,5.6,10.5,7.7,2.9,0.8,0.9,1.8,2.4
LaMarcus Aldridge,马刺,中锋-前锋,2.11,113.4 公斤,14,美国,https://china.nba.com//players/#!/lamarcus_aldridge,1003,962,34.4,49.1,31.2,81.1,2.7,5.7,19.5,8.3,2.0,0.7,1.1,1.6,2.5
Ty-Shon Alexander,太阳,后卫,1.93,88.5 公斤,0,美国,https://china.nba.com//players/#!/ty-shon_alexander,0,0,0,0,0,0,0,0,0,0,0,0,0,0,0
Nickeil Alexander-Walker,鹈鹕,后卫,1.96,93.0 公斤,1,加拿大,https://china.nba.com//players/#!/nickeil_alexander-walker,47,1,12.6,36.8,34.6,67.6,0.2,1.6,5.7,1.8,1.9,0.4,0.2,1.2,1.2
Rawle Alkins,鹈鹕,后卫,1.96,99.8 公斤,1,美国,https://china.nba.com//players/#!/rawle_alkins,10,1,12.0,33.3,25.0,66.7,1.1,1.5,3.7,2.6,1.3,0.1,0.0,0.8,0.7
Grayson Allen,灰熊,后卫,1.93,89.8 公斤,2,美国,https://china.nba.com//players/#!/grayson_allen,76,2,14.9,42.9,37.1,80.0,0.1,1.3,7.1,1.4,1.0,0.2,0.1,0.9,1.3
Jarrett Allen,篮网,中锋,2.11,110.2 公斤,3,美国,https://china.nba.com//players/#!/jarrett_allen,222,175,24.3,60.9,16.7,69.4,2.5,5.3,10.1,7.8,1.2,0.5,1.4,1.2,2.2
Al-Farouq Aminu,魔术,前锋,2.03,99.8 公斤,10,美国,https://china.nba.com//players/#!/al-farouq_aminu,688,431,25.1,42.1,33.5,74.5,1.4,4.7,7.6,6.1,1.2,1.0,0.6,1.2,1.9
Justin Anderson,76人,前锋-后卫,1.96,104.8 公斤,5,美国,https://china.nba.com//players/#!/justin_anderson,226,24,13.1,41.3,29.6,77.4,0.6,1.9,5.2,2.6,0.7,0.4,0.3,0.6,1.2
Kyle Anderson,灰熊,前锋-后卫,2.06,104.3 公斤,6,美国,https://china.nba.com//players/#!/kyle_anderson,367,168,19.7,48.8,31.1,69.9,0.7,3.3,5.4,4.0,2.0,1.0,0.5,0.9,1.4
Ike Anigbogu,鹈鹕,中锋,2.06,114.3 公斤,2,美国,https://china.nba.com//players/#!/ike_anigbogu,14,0,2.6,33.3,0.0,83.3,0.4,0.4,0.9,0.9,0.1,0.1,0.3,0.2,0.1
Giannis Antetokounmpo,雄鹿,前锋,2.11,109.8 公斤,7,希腊,https://china.nba.com//players/#!/giannis_antetokounmpo,528,463,32.5,52.6,28.4,72.2,1.7,7.2,20.1,8.9,4.3,1.2,1.3,2.8,3.0
Kostas Antetokounmpo,湖人,前锋,2.08,90.7 公斤,2,希腊,https://china.nba.com//players/#!/kostas_antetokounmpo,7,0,4.4,50.0,0.0,50.0,0.3,0.3,1.3,0.6,0.3,0.3,0.0,0.3,0.3
Thanasis Antetokounmpo,雄鹿,前锋,1.98,99.3 公斤,2,希腊,https://china.nba.com//players/#!/thanasis_antetokounmpo,0,0,0,0,0,0,0,0,0,0,0,0,0,0,0
Carmelo Anthony,开拓者,前锋,2.03,108.0 公斤,17,美国,https://china.nba.com//players/#!/carmelo_anthony,1122,1114,35.7,44.8,34.9,81.2,1.7,4.8,23.6,6.5,2.9,1.0,0.5,2.6,2.9
Cole Anthony,魔术,后卫,1.90,83.9 公斤,0,美国,https://china.nba.com//players/#!/cole_anthony,0,0,0,0,0,0,0,0,0,0,0,0,0,0,0
OG Anunoby,猛龙,前锋,2.01,105.2 公斤,3,英国,https://china.nba.com//players/#!/og_anunoby,210,136,23.3,48.0,36.5,65.0,0.9,2.7,7.8,3.6,1.0,0.9,0.4,0.9,2.1
Ryan Arcidiacono,公牛,后卫,1.90,88.5 公斤,3,美国,https://china.nba.com//players/#!/ryan_arcidiacono,163,36,19.6,43.3,37.3,82.9,0.3,1.9,5.2,2.2,2.5,0.6,0.0,0.7,1.8
Trevor Ariza,雷霆,前锋,2.03,97.5 公斤,16,美国,https://china.nba.com//players/#!/trevor_ariza,1064,731,29.7,42.3,35.2,73.2,1.0,3.8,10.5,4.8,2.2,1.5,0.3,1.4,2.0
D.J. Augustin,雄鹿,后卫,1.80,83.0 公斤,12,美国,https://china.nba.com//players/#!/d.j._augustin,864,320,24.1,41.2,37.9,86.5,0.3,1.6,9.9,1.9,4.0,0.6,0.0,1.5,1.5
Deni Avdija,奇才,前锋,2.06,95.3 公斤,0,以色列,https://china.nba.com//players/#!/deni_avdija,0,0,0,0,0,0,0,0,0,0,0,0,0,0,0
Deandre Ayton,太阳,中锋,2.11,113.4 公斤,2,巴哈马,https://china.nba.com//players/#!/deandre_ayton,109,102,31.4,57.0,17.6,74.8,3.4,7.3,17.0,10.7,1.8,0.8,1.2,1.9,3.0
Udoka Azubuike,爵士,中锋-前锋,2.13,127.0 公斤,0,尼日利亚,https://china.nba.com//players/#!/udoka_azubuike,0,0,0,0,0,0,0,0,0,0,0,0,0,0,0
Dwayne Bacon,魔术,后卫-前锋,1.98,100.2 公斤,3,美国,https://china.nba.com//players/#!/dwayne_bacon,135,30,16.0,40.3,34.5,71.8,0.2,2.1,5.3,2.3,1.0,0.4,0.1,0.6,1.3
Marvin Bagley III,国王,前锋,2.11,106.6 公斤,2,美国,https://china.nba.com//players/#!/marvin_bagley_iii,75,10,25.4,49.7,28.8,70.3,2.6,5.0,14.8,7.6,1.0,0.5,1.0,1.6,2.2
LaMelo Ball,黄蜂,后卫,2.03,81.6 公斤,0,美国,https://china.nba.com//players/#!/lamelo_ball,0,0,0,0,0,0,0,0,0,0,0,0,0,0,0
Lonzo Ball,鹈鹕,后卫,1.98,86.2 公斤,3,美国,https://china.nba.com//players/#!/lonzo_ball,162,149,32.3,39.0,34.1,48.7,1.2,4.9,10.7,6.1,6.6,1.5,0.6,2.7,2.2
Mo Bamba,魔术,中锋,2.13,104.8 公斤,2,美国,https://china.nba.com//players/#!/mohamed_bamba,109,1,15.1,47.1,32.8,62.4,1.5,3.4,5.7,4.9,0.7,0.3,1.4,0.8,2.0
Desmond Bane,灰熊,后卫,1.98,97.5 公斤,0,美国,https://china.nba.com//players/#!/desmond_bane,0,0,0,0,0,0,0,0,0,0,0,0,0,0,0
Harrison Barnes,国王,前锋,2.03,102.1 公斤,8,美国,https://china.nba.com//players/#!/harrison_barnes,612,551,31.2,44.8,37.5,79.6,1.0,3.9,13.7,4.9,1.6,0.7,0.2,1.2,1.7
RJ Barrett,尼克斯,前锋-后卫,1.98,97.1 公斤,1,加拿大,https://china.nba.com//players/#!/rj_barrett,56,55,30.4,40.2,32.0,61.4,0.9,4.1,14.3,5.0,2.6,1.0,0.3,2.2,2.2
Will Barton,掘金,后卫,1.96,82.1 公斤,8,美国,https://china.nba.com//players/#!/will_barton,496,161,24.4,43.4,34.7,78.6,0.8,3.5,11.1,4.2,2.5,0.8,0.4,1.4,1.6
Keita Bates-Diop,马刺,前锋,2.03,103.9 公斤,2,美国,https://china.nba.com//players/#!/keita_bates-diop,74,3,16.9,42.6,30.3,69.9,0.6,2.3,5.9,2.8,0.6,0.5,0.5,0.4,1.0
Nicolas Batum,快船,后卫-前锋,2.06,104.3 公斤,12,法国,https://china.nba.com//players/#!/nicolas_batum,789,714,31.3,43.4,35.7,84.1,1.1,4.2,11.6,5.3,3.8,1.0,0.6,1.8,1.8
Aron Baynes,猛龙,中锋-前锋,2.08,117.9 公斤,8,澳洲,https://china.nba.com//players/#!/aron_baynes,469,137,15.8,49.5,32.7,80.0,1.5,3.0,6.0,4.5,0.8,0.2,0.5,0.9,2.2
Kent Bazemore,勇士,后卫-前锋,1.93,88.5 公斤,8,美国,https://china.nba.com//players/#!/kent_bazemore,551,278,21.2,41.3,35.1,72.6,0.4,2.9,8.7,3.2,1.8,1.0,0.5,1.5,2.0
Darius Bazley,雷霆,前锋-后卫,2.03,94.3 公斤,1,美国,https://china.nba.com//players/#!/darius_bazley,61,9,18.5,39.4,34.8,69.4,0.5,3.5,5.6,4.0,0.7,0.4,0.7,0.7,0.9
Bradley Beal,奇才,后卫,1.90,93.9 公斤,8,美国,https://china.nba.com//players/#!/bradley_beal,545,511,34.6,45.2,38.0,80.7,0.8,3.2,21.0,4.0,4.0,1.1,0.4,2.3,2.2
Malik Beasley,森林狼,后卫,1.93,84.8 公斤,4,美国,https://china.nba.com//players/#!/malik_beasley,220,33,17.4,44.8,38.8,80.0,0.3,1.7,8.2,2.0,1.0,0.5,0.1,0.7,1.1
DeAndre' Bembry,猛龙,后卫-前锋,1.96,95.3 公斤,4,美国,https://china.nba.com//players/#!/deandre'_bembry,189,23,19.4,44.8,26.9,59.2,0.6,2.8,6.2,3.4,1.9,1.0,0.4,1.4,1.8
Davis Bertans,奇才,前锋,2.08,102.1 公斤,4,拉脱维亚,https://china.nba.com//players/#!/davis_bertans,274,32,18.6,44.1,41.1,84.9,0.4,2.4,8.0,2.8,1.1,0.4,0.5,0.6,1.6
Patrick Beverley,快船,后卫,1.85,81.6 公斤,8,美国,https://china.nba.com//players/#!/patrick_beverley,431,350,28.1,41.4,38.1,76.1,1.2,3.2,8.9,4.4,3.5,1.2,0.4,1.3,3.1
Saddiq Bey,活塞,前锋,2.03,97.5 公斤,0,美国,https://china.nba.com//players/#!/saddiq_bey,0,0,0,0,0,0,0,0,0,0,0,0,0,0,0
Tyler Bey,独行侠,前锋,2.01,97.5 公斤,0,美国,https://china.nba.com//players/#!/tyler_bey,0,0,0,0,0,0,0,0,0,0,0,0,0,0,0
Khem Birch,魔术,中锋,2.06,105.7 公斤,3,加拿大,https://china.nba.com//players/#!/khem_birch,140,25,15.3,55.2,0.0,67.8,1.7,2.5,4.5,4.2,0.9,0.4,0.5,0.5,1.6
Goga Bitadze,步行者,中锋-前锋,2.11,113.4 公斤,1,格鲁吉亚,https://china.nba.com//players/#!/goga_bitadze,54,2,8.7,46.7,19.0,72.7,0.5,1.5,3.2,2.0,0.4,0.2,0.7,0.5,1.2
Bismack Biyombo,黄蜂,中锋,2.03,115.7 公斤,9,刚果民主共和国,https://china.nba.com//players/#!/bismack_biyombo,636,271,20.2,52.0,0.0,57.5,2.0,4.3,5.1,6.2,0.5,0.3,1.3,0.9,2.2
Nemanja Bjelica,国王,前锋,2.08,106.1 公斤,5,塞尔维亚,https://china.nba.com//players/#!/nemanja_bjelica,341,159,21.8,46.6,39.3,77.2,1.2,3.6,8.0,4.8,1.8,0.7,0.5,1.0,2.5
Eric Bledsoe,鹈鹕,后卫,1.85,97.1 公斤,10,美国,https://china.nba.com//players/#!/eric_bledsoe,631,469,27.8,45.7,33.6,79.3,0.8,3.2,14.2,4.0,4.8,1.4,0.5,2.6,2.1
Keljin Blevins,开拓者,后卫,1.98,90.7 公斤,0,美国,https://china.nba.com//players/#!/keljin_blevins,0,0,0,0,0,0,0,0,0,0,0,0,0,0,0
Trevon Bluiett,爵士,后卫,1.96,89.8 公斤,0,美国,https://china.nba.com//players/#!/trevon_bluiett,0,0,0,0,0,0,0,0,0,0,0,0,0,0,0
Bennie Boatwright,灰熊,前锋-中锋,2.08,106.6 公斤,0,美国,https://china.nba.com//players/#!/bennie_boatwright,0,0,0,0,0,0,0,0,0,0,0,0,0,0,0
Bogdan Bogdanovic,老鹰,后卫,1.98,99.8 公斤,3,塞尔维亚,https://china.nba.com//players/#!/bogdan_bogdanovic,209,97,28.2,43.4,37.4,80.6,0.5,2.8,13.5,3.2,3.5,1.0,0.2,1.7,2.1
Bojan Bogdanovic,爵士,前锋,2.03,102.5 公斤,6,克罗地亚,https://china.nba.com//players/#!/bojan_bogdanovic,462,345,28.5,46.0,39.4,85.8,0.5,3.0,14.2,3.5,1.5,0.6,0.1,1.6,1.6
Bol Bol,掘金,中锋-前锋,2.18,99.8 公斤,1,苏丹,https://china.nba.com//players/#!/bol_bol,7,0,12.4,50.0,44.4,80.0,0.7,2.0,5.7,2.7,0.9,0.3,0.9,1.4,1.6
Marques Bolden,骑士,中锋,2.08,112.9 公斤,1,美国,https://china.nba.com//players/#!/marques_bolden,1,0,3.0,0.0,0.0,0.0,0.0,2.0,0.0,2.0,0.0,1.0,0.0,0.0,1.0
Jordan Bone,魔术,后卫,1.90,81.6 公斤,1,美国,https://china.nba.com//players/#!/jordan_bone,10,0,5.3,25.0,20.0,0.0,0.0,0.4,1.2,0.4,0.8,0.1,0.0,0.2,0.6
Isaac Bonga,奇才,后卫,2.03,81.6 公斤,2,德国,https://china.nba.com//players/#!/isaac_bonga,88,49,15.6,46.1,31.6,78.0,0.9,1.9,4.0,2.8,1.0,0.6,0.3,0.7,1.9
Devin Booker,太阳,后卫,1.96,93.4 公斤,5,美国,https://china.nba.com//players/#!/devin_booker,342,317,33.5,44.8,35.4,87.1,0.5,3.1,22.5,3.6,4.7,0.8,0.3,3.3,3.1
Chris Boucher,猛龙,前锋-中锋,2.06,90.7 公斤,3,加拿大,https://china.nba.com//players/#!/chris_boucher,91,0,10.8,46.5,32.1,79.4,1.4,2.3,5.5,3.7,0.3,0.3,0.9,0.4,1.6
Brian Bowen II,步行者,前锋-后卫,1.98,86.2 公斤,1,美国,https://china.nba.com//players/#!/brian_bowen_ii,6,1,5.2,30.0,0.0,0.0,0.2,1.0,1.0,1.2,0.0,0.0,0.2,0.2,0.5
Avery Bradley,热火,后卫,1.90,81.6 公斤,10,美国,https://china.nba.com//players/#!/avery_bradley,571,493,28.3,43.6,36.4,78.0,0.6,2.3,11.8,2.9,1.8,1.0,0.2,1.4,2.2
Tony Bradley,76人,中锋-前锋,2.08,112.5 公斤,3,美国,https://china.nba.com//players/#!/tony_bradley,70,3,10.4,63.4,75.0,66.0,1.8,2.4,4.4,4.2,0.4,0.2,0.5,0.5,1.7
Jarrell Brantley,爵士,前锋,1.96,113.4 公斤,1,美国,https://china.nba.com//players/#!/jarrell_brantley,9,0,10.7,35.7,23.1,50.0,0.2,2.0,2.7,2.2,1.2,0.3,0.6,0.8,0.8
Ignas Brazdeikis,尼克斯,前锋,1.98,100.2 公斤,1,立陶宛,https://china.nba.com//players/#!/ignas_brazdeikis,9,0,5.9,27.3,11.1,80.0,0.2,0.3,1.9,0.6,0.4,0.0,0.1,0.2,0.3
Mikal Bridges,太阳,前锋,1.98,94.8 公斤,2,美国,https://china.nba.com//players/#!/mikal_bridges,155,88,28.8,46.7,34.5,82.5,0.8,2.8,8.7,3.6,1.9,1.5,0.5,0.9,2.4
Miles Bridges,黄蜂,前锋,1.98,102.1 公斤,2,美国,https://china.nba.com//players/#!/miles_bridges,145,89,25.5,44.0,32.8,78.8,1.1,3.7,9.9,4.7,1.4,0.7,0.7,1.0,1.7
Amida Brimah,步行者,中锋,2.08,104.3 公斤,0,美国,https://china.nba.com//players/#!/amida_brimah,0,0,0,0,0,0,0,0,0,0,0,0,0,0,0
Oshae Brissett,猛龙,前锋-后卫,2.01,95.3 公斤,1,加拿大,https://china.nba.com//players/#!/oshae_brissett,19,0,7.1,36.1,20.0,80.0,0.5,0.9,1.9,1.4,0.4,0.2,0.1,0.4,1.0
Malcolm Brogdon,步行者,后卫,1.96,103.9 公斤,4,美国,https://china.nba.com//players/#!/malcolm_brogdon,241,166,28.7,47.1,38.5,89.4,0.8,3.1,13.6,3.8,4.4,0.9,0.2,1.7,1.9
Dillon Brooks,灰熊,后卫-前锋,2.01,102.1 公斤,3,加拿大,https://china.nba.com//players/#!/dillon_brooks,173,147,27.7,42.0,35.8,77.7,0.7,2.3,12.8,3.1,1.7,0.8,0.3,1.5,3.2
Bruce Brown,篮网,后卫-前锋,1.93,91.6 公斤,2,美国,https://china.nba.com//players/#!/tmp_bruce_brown,132,99,23.4,42.4,30.2,74.3,0.8,2.7,6.3,3.5,2.4,0.8,0.5,1.1,2.6
Jaylen Brown,凯尔特人,后卫-前锋,1.98,101.2 公斤,4,美国,https://china.nba.com//players/#!/jaylen_brown,279,172,26.3,46.8,37.1,67.8,0.9,3.6,13.1,4.5,1.4,0.9,0.3,1.5,2.4
Bruno Caboclo,火箭,前锋,2.06,98.9 公斤,6,巴西,https://china.nba.com//players/#!/bruno_caboclo,99,20,12.7,40.0,31.6,84.6,0.8,1.8,4.3,2.6,0.7,0.4,0.6,0.7,1.3
Devontae Cacok,湖人,前锋,2.03,108.9 公斤,1,美国,https://china.nba.com//players/#!/davontae_cacok,1,0,9.0,50.0,0.0,0.0,2.0,3.0,6.0,5.0,1.0,0.0,0.0,0.0,0.0
Kentavious Caldwell-Pope,湖人,后卫,1.96,92.5 公斤,7,美国,https://china.nba.com//players/#!/kentavious_caldwell-pope,539,397,29.2,41.8,34.9,79.7,0.7,2.5,11.6,3.2,1.6,1.1,0.2,1.0,1.9
Facundo Campazzo,掘金,0,0 公斤,0,https://china.nba.com//players/#!/tmp_facundo_campazzo,0,0,0,0,0,0,0,0,0,0,0,0,0,0,0,0,0
Vlatko Cancar,掘金,前锋,2.03,107.0 公斤,1,斯洛文尼亚,https://china.nba.com//players/#!/vlatko_cancar,14,0,3.2,40.0,16.7,100.0,0.4,0.4,1.2,0.7,0.2,0.1,0.1,0.2,0.5
Devin Cannady,魔术,后卫,1.88,83.0 公斤,0,美国,https://china.nba.com//players/#!/devin_cannady,0,0,0,0,0,0,0,0,0,0,0,0,0,0,0
Clint Capela,老鹰,中锋,2.08,108.9 公斤,6,瑞士,https://china.nba.com//players/#!/clint_capela,334,274,26.0,63.4,0.0,52.6,3.3,6.5,12.2,9.7,1.0,0.7,1.5,1.2,2.5
Vernon Carey Jr.,黄蜂,前锋-中锋,2.08,122.5 公斤,0,美国,https://china.nba.com//players/#!/vernon_carey_jr,0,0,0,0,0,0,0,0,0,0,0,0,0,0,0
Tony Carr,鹈鹕,后卫-前锋,1.96,90.7 公斤,0,美国,https://china.nba.com//players/#!/tony_carr,0,0,0,0,0,0,0,0,0,0,0,0,0,0,0
Jevon Carter,太阳,后卫,1.85,90.7 公斤,2,美国,https://china.nba.com//players/#!/jevon_carter,97,5,15.7,36.7,38.7,83.1,0.5,1.4,4.7,1.9,1.6,0.8,0.3,0.7,1.5
Wendell Carter Jr.,公牛,中锋-前锋,2.06,122.5 公斤,2,美国,https://china.nba.com//players/#!/wendell_carter_jr,87,87,27.2,50.8,19.7,76.1,2.6,5.6,10.8,8.2,1.5,0.7,1.1,1.6,3.6
Michael Carter-Williams,魔术,后卫,1.96,86.2 公斤,7,美国,https://china.nba.com//players/#!/michael_carter-williams,360,192,25.3,40.2,25.6,71.3,0.9,3.4,10.4,4.4,4.4,1.3,0.6,2.3,2.4
Alex Caruso,湖人,后卫,1.96,84.4 公斤,3,美国,https://china.nba.com//players/#!/alex_caruso,126,13,18.0,42.6,36.2,75.0,0.4,1.6,5.7,2.0,2.2,0.9,0.3,1.1,1.6
Willie Cauley Stein,独行侠,中锋,2.13,108.9 公斤,5,美国,https://china.nba.com//players/#!/willie_cauley-stein,349,237,23.5,53.9,21.1,61.1,1.8,4.5,9.6,6.3,1.6,0.9,0.8,1.0,2.4
Ahmad Caver,灰熊,后卫,1.88,78.9 公斤,0,美国,https://china.nba.com//players/#!/ahmad_caver,0,0,0,0,0,0,0,0,0,0,0,0,0,0,0
Yoeli Childs,奇才,前锋,2.03,102.1 公斤,0,美国,https://china.nba.com//players/#!/yoeli_childs,0,0,0,0,0,0,0,0,0,0,0,0,0,0,0
Chris Chiozza,篮网,后卫,1.80,79.4 公斤,2,美国,https://china.nba.com//players/#!/chris_chiozza,35,2,12.4,38.5,37.7,100.0,0.3,1.3,4.2,1.6,2.5,0.6,0.1,0.9,1.1
Marquese Chriss,勇士,前锋,2.06,108.9 公斤,4,美国,https://china.nba.com//players/#!/marquese_chriss,256,147,19.4,45.6,29.0,66.9,1.3,3.6,8.0,4.9,1.1,0.7,0.8,1.3,2.6
Gary Clark,魔术,前锋,1.98,102.1 公斤,2,美国,https://china.nba.com//players/#!/gary_clark,93,7,13.0,36.6,32.1,94.1,0.7,1.8,3.3,2.4,0.4,0.3,0.5,0.2,1.0
Brandon Clarke,灰熊,前锋-后卫,2.03,97.5 公斤,1,加拿大,https://china.nba.com//players/#!/brandon_clarke,58,4,22.4,61.8,35.9,75.9,1.6,4.4,12.1,6.0,1.4,0.6,0.8,1.0,1.7
Jordan Clarkson,爵士,后卫,1.93,88.0 公斤,6,美国,https://china.nba.com//players/#!/jordan_clarkson,453,140,27.0,44.6,34.2,81.8,0.9,2.3,14.8,3.1,2.6,0.9,0.1,1.7,1.7
Nicolas Claxton,篮网,前锋-中锋,2.11,97.5 公斤,1,美国,https://china.nba.com//players/#!/nicolas_claxton,15,0,12.5,56.3,14.3,52.4,1.3,1.7,4.4,2.9,1.1,0.1,0.5,0.6,0.9
Chris Clemons,火箭,后卫,1.75,81.6 公斤,1,美国,https://china.nba.com//players/#!/chris_clemons,33,0,8.8,40.1,34.6,90.9,0.1,0.8,4.9,0.9,0.8,0.3,0.2,0.6,0.8
Amir Coffey,快船,后卫-前锋,2.01,95.3 公斤,1,美国,https://china.nba.com//players/#!/amir_coffey,18,1,8.8,42.6,31.6,54.5,0.2,0.7,3.2,0.9,0.8,0.3,0.1,0.4,1.1
John Collins,老鹰,前锋-中锋,2.06,106.6 公斤,3,美国,https://china.nba.com//players/#!/john_collins,176,126,28.3,57.1,36.9,75.7,2.9,5.9,16.2,8.8,1.6,0.6,1.1,1.7,3.1
Zach Collins,开拓者,前锋-中锋,2.11,113.4 公斤,3,美国,https://china.nba.com//players/#!/zach_collins,154,12,17.5,44.4,32.4,72.2,1.2,2.8,5.7,4.0,0.9,0.3,0.7,1.0,2.2
Mike Conley,爵士,后卫,1.85,79.4 公斤,13,美国,https://china.nba.com//players/#!/mike_conley,835,799,32.4,43.9,37.5,81.9,0.5,2.5,14.9,3.0,5.6,1.4,0.2,2.0,2.0
Pat Connaughton,雄鹿,后卫,1.96,94.8 公斤,5,美国,https://china.nba.com//players/#!/pat_connaughton,283,12,15.7,44.3,34.4,79.0,0.6,2.2,4.8,2.8,1.3,0.3,0.3,0.6,1.1
Keandre Cook,黄蜂,后卫,1.96,84.8 公斤,0,美国,https://china.nba.com//players/#!/keandre_cook,0,0,0,0,0,0,0,0,0,0,0,0,0,0,0
Quinn Cook,湖人,后卫,1.85,81.6 公斤,4,美国,https://china.nba.com//players/#!/quinn_cook,165,29,15.1,46.3,40.7,78.6,0.3,1.5,6.8,1.8,1.7,0.3,0.0,0.8,1.2
Tyler Cook,森林狼,前锋,2.03,115.7 公斤,1,美国,https://china.nba.com//players/#!/tyler_cook,13,0,4.2,66.7,0.0,87.5,0.5,0.6,1.8,1.1,0.1,0.2,0.0,0.2,0.4
DeMarcus Cousins,火箭,中锋,2.08,122.5 公斤,9,美国,https://china.nba.com//players/#!/demarcus_cousins,565,543,32.0,46.1,33.2,73.7,2.8,8.1,21.2,10.9,3.2,1.4,1.2,3.5,3.9
Robert Covington,开拓者,前锋,2.01,94.8 公斤,7,美国,https://china.nba.com//players/#!/robert_covington,396,348,30.0,40.6,35.6,81.1,0.9,4.8,12.7,5.7,1.5,1.7,0.9,1.7,3.1
Torrey Craig,雄鹿,前锋,2.01,100.2 公斤,3,美国,https://china.nba.com//players/#!/torrey_craig,172,69,18.6,45.1,32.0,66.0,1.1,2.3,5.3,3.4,0.8,0.4,0.6,0.5,2.2
Jae Crowder,太阳,前锋,1.98,106.6 公斤,8,美国,https://china.nba.com//players/#!/jae_crowder,608,297,24.7,42.1,34.0,77.8,0.7,3.4,9.6,4.1,1.5,1.0,0.3,0.9,2.0
Jarrett Culver,森林狼,后卫-前锋,1.98,88.5 公斤,1,美国,https://china.nba.com//players/#!/jarrett_culver,63,35,23.9,40.4,29.9,46.2,1.1,2.3,9.2,3.4,1.7,0.9,0.6,1.3,2.0
Seth Curry,76人,后卫,1.88,83.9 公斤,6,美国,https://china.nba.com//players/#!/seth_curry,256,78,22.3,47.5,44.3,83.8,0.3,1.6,10.1,2.0,1.7,0.7,0.1,1.0,1.5
Stephen Curry,勇士,后卫,1.90,83.9 公斤,11,美国,https://china.nba.com//players/#!/stephen_curry,699,693,34.3,47.6,43.5,90.6,0.7,3.8,23.5,4.5,6.6,1.7,0.2,3.1,2.5
Nate Darling,黄蜂,0,0 公斤,0,https://china.nba.com//players/#!/nate_darling,0,0,0,0,0,0,0,0,0,0,0,0,0,0,0,0,0
Anthony Davis,湖人,前锋-中锋,2.08,114.8 公斤,8,美国,https://china.nba.com//players/#!/anthony_davis,528,523,34.5,51.5,31.9,80.2,2.6,7.8,24.0,10.4,2.2,1.4,2.4,1.9,2.4
Ed Davis,森林狼,中锋-前锋,2.06,98.9 公斤,10,美国,https://china.nba.com//players/#!/ed_davis,668,96,19.8,56.8,0.0,58.3,2.3,4.4,6.3,6.6,0.8,0.5,0.8,0.8,2.5
Terence Davis,猛龙,后卫,1.93,91.2 公斤,1,美国,https://china.nba.com//players/#!/terence_davis,72,4,16.8,45.6,38.8,86.4,0.7,2.6,7.5,3.3,1.6,0.5,0.2,1.1,1.7
Javin DeLaurier,黄蜂,中锋,2.08,106.1 公斤,0,美国,https://china.nba.com//players/#!/javin_delaurier,0,0,0,0,0,0,0,0,0,0,0,0,0,0,0
DeMar DeRozan,马刺,后卫-前锋,1.98,99.8 公斤,11,美国,https://china.nba.com//players/#!/demar_derozan,820,808,34.1,45.8,28.2,82.9,0.8,3.6,20.0,4.4,3.6,1.0,0.3,2.1,2.3
Matthew Dellavedova,骑士,后卫,1.90,90.7 公斤,7,澳洲,https://china.nba.com//players/#!/matthew_dellavedova,434,92,20.4,38.9,36.8,83.8,0.4,1.4,5.6,1.8,3.7,0.5,0.1,1.3,1.9
Donte DiVincenzo,雄鹿,后卫,1.93,92.1 公斤,2,美国,https://china.nba.com//players/#!/donte_divincenzo,93,24,20.8,44.5,31.8,73.5,0.9,3.2,8.0,4.1,2.0,1.1,0.3,1.2,1.6
Mamadi Diakite,雄鹿,前锋,2.06,103.4 公斤,0,Guinea,https://china.nba.com//players/#!/mamadi_diakite,0,0,0,0,0,0,0,0,0,0,0,0,0,0,0
Hamidou Diallo,雷霆,后卫,1.96,91.6 公斤,2,美国,https://china.nba.com//players/#!/hamidou_diallo,97,6,14.7,44.9,24.7,60.7,0.9,1.9,5.2,2.7,0.5,0.6,0.2,0.8,1.8
Gorgui Dieng,灰熊,中锋,2.08,114.3 公斤,7,塞内加尔,https://china.nba.com//players/#!/gorgui_dieng,515,204,22.0,50.0,34.2,78.8,1.8,4.3,7.9,6.1,1.4,0.8,1.0,1.2,2.3
Spencer Dinwiddie,篮网,后卫,1.96,97.5 公斤,6,美国,https://china.nba.com//players/#!/spencer_dinwiddie,317,130,25.7,41.0,31.8,79.3,0.4,2.3,12.9,2.8,5.0,0.7,0.3,1.8,2.4
Luka Doncic,独行侠,前锋-后卫,2.01,104.3 公斤,2,斯洛文尼亚,https://china.nba.com//players/#!/luka_don,133,133,32.8,44.5,32.1,73.7,1.2,7.3,24.7,8.5,7.3,1.1,0.3,3.8,2.2
Luguentz Dort,雷霆,后卫,1.90,97.5 公斤,1,加拿大,https://china.nba.com//players/#!/luguentz_dort,36,28,22.8,39.4,29.7,79.2,0.7,1.6,6.8,2.3,0.8,0.9,0.1,0.6,2.7
Damyean Dotson,骑士,后卫,1.96,95.3 公斤,3,美国,https://china.nba.com//players/#!/damyean_dotson,165,42,20.1,41.9,36.1,72.1,0.3,2.3,7.8,2.7,1.4,0.6,0.1,0.7,1.3
Devon Dotson,公牛,后卫,1.88,83.9 公斤,0,美国,https://china.nba.com//players/#!/devon_dotson,0,0,0,0,0,0,0,0,0,0,0,0,0,0,0
Sekou Doumbouya,活塞,前锋,2.03,104.3 公斤,1,Guinea,https://china.nba.com//players/#!/sekou_doumbouya,38,19,19.8,39.0,28.6,67.4,0.5,2.6,6.4,3.1,0.5,0.5,0.2,0.9,2.1
PJ Dozier,掘金,后卫-前锋,1.98,93.0 公斤,3,美国,https://china.nba.com//players/#!/pj_dozier,37,0,12.6,41.1,33.3,71.0,0.4,1.5,5.1,2.0,1.8,0.4,0.2,0.8,1.3
Goran Dragic,热火,后卫,1.90,86.2 公斤,12,斯洛文尼亚,https://china.nba.com//players/#!/goran_dragic,817,511,28.0,46.4,36.3,76.4,0.7,2.3,13.9,3.1,4.8,1.0,0.2,2.3,2.3
Andre Drummond,骑士,中锋,2.08,126.6 公斤,8,美国,https://china.nba.com//players/#!/andre_drummond,599,548,31.0,54.2,14.6,46.1,4.8,9.1,14.5,13.8,1.3,1.4,1.6,2.0,3.2
Jared Dudley,湖人,前锋,1.98,107.5 公斤,13,美国,https://china.nba.com//players/#!/jared_dudley,892,286,22.5,46.4,39.3,73.2,0.9,2.3,7.4,3.2,1.6,0.8,0.2,0.9,1.8
Kris Dunn,老鹰,后卫,1.90,93.0 公斤,4,美国,https://china.nba.com//players/#!/kris_dunn,227,126,24.3,42.2,30.6,72.6,0.4,3.0,8.3,3.4,4.2,1.6,0.4,1.8,3.0
Kevin Durant,篮网,前锋,2.08,108.9 公斤,12,美国,https://china.nba.com//players/#!/kevin_durant,849,849,36.9,49.3,38.1,88.3,0.7,6.3,27.0,7.1,4.1,1.1,1.1,3.1,1.9
Paul Eboua,热火,前锋,2.03,97.1 公斤,0,喀麦隆,https://china.nba.com//players/#!/paul_eboua,0,0,0,0,0,0,0,0,0,0,0,0,0,0,0
Anthony Edwards,森林狼,后卫,1.96,102.1 公斤,0,美国,https://china.nba.com//players/#!/anthony_edwards,0,0,0,0,0,0,0,0,0,0,0,0,0,0,0
Carsen Edwards,凯尔特人,后卫,1.80,90.7 公斤,1,美国,https://china.nba.com//players/#!/carsen_edwards,37,0,9.5,32.8,31.6,68.4,0.2,1.1,3.3,1.3,0.6,0.3,0.1,0.4,0.9
CJ Elleby,开拓者,前锋-后卫,1.98,90.7 公斤,0,美国,https://china.nba.com//players/#!/cj_elleby,0,0,0,0,0,0,0,0,0,0,0,0,0,0,0
Henry Ellenson,猛龙,前锋-中锋,2.08,108.9 公斤,4,美国,https://china.nba.com//players/#!/henry_ellenson,81,2,9.2,37.2,34.3,77.4,0.3,2.1,4.0,2.4,0.5,0.2,0.0,0.5,0.7
Wayne Ellington,活塞,后卫,1.93,93.9 公斤,11,美国,https://china.nba.com//players/#!/wayne_ellington,681,166,21.0,40.8,37.8,84.6,0.3,1.9,8.0,2.2,1.1,0.5,0.1,0.7,1.2
Joel Embiid,76人,中锋-前锋,2.13,127.0 公斤,4,喀麦隆,https://china.nba.com//players/#!/joel_embiid,209,209,30.4,48.0,31.9,79.3,2.4,9.1,23.9,11.5,3.1,0.8,1.8,3.5,3.4
James Ennis III,魔术,前锋,1.98,97.5 公斤,6,美国,https://china.nba.com//players/#!/james_ennis iii,0,0,0,0,0,0,0,0,0,0,0,0,0,0,0
Drew Eubanks,马刺,前锋-中锋,2.06,111.1 公斤,2,美国,https://china.nba.com//players/#!/drew_eubanks,45,3,8.6,62.4,100.0,79.5,0.8,1.9,3.3,2.7,0.5,0.2,0.5,0.6,1.1
Dante Exum,骑士,后卫,1.96,97.1 公斤,5,澳洲,https://china.nba.com//players/#!/dante_exum,239,69,18.5,40.7,30.8,76.6,0.4,1.4,5.7,1.8,2.1,0.4,0.2,1.3,1.8
Tacko Fall,凯尔特人,中锋,2.26,141.1 公斤,1,塞内加尔,https://china.nba.com//players/#!/tacko_fall,7,0,4.7,78.6,0.0,33.3,0.1,2.0,3.3,2.1,0.1,0.1,0.6,0.4,1.0
Derrick Favors,爵士,前锋,2.06,120.2 公斤,10,美国,https://china.nba.com//players/#!/derrick_favors,683,485,25.6,53.0,20.7,66.1,2.5,4.9,11.4,7.4,1.1,0.8,1.3,1.4,2.6
Cristiano Felicio,公牛,前锋-中锋,2.08,122.5 公斤,5,巴西,https://china.nba.com//players/#!/cristiano_felicio,234,20,14.8,57.2,0.0,67.9,1.6,2.5,4.5,4.1,0.7,0.3,0.2,0.7,1.5
Terrance Ferguson,76人,后卫,1.98,86.2 公斤,3,美国,https://china.nba.com//players/#!/terrance_ferguson,191,124,20.7,40.6,33.7,75.3,0.4,1.0,4.8,1.4,0.7,0.5,0.2,0.5,2.5
Bruno Fernando,老鹰,前锋-中锋,2.06,108.9 公斤,1,安哥拉,https://china.nba.com//players/#!/bruno_fernando,56,13,12.7,51.8,13.5,56.9,1.2,2.3,4.3,3.5,0.9,0.3,0.3,0.8,1.9
Dorian Finney-Smith,独行侠,前锋,2.01,99.8 公斤,4,美国,https://china.nba.com//players/#!/dorian_finney-smith,254,142,24.4,42.6,33.0,72.5,1.4,2.9,6.9,4.3,1.2,0.7,0.4,0.8,2.1
Malachi Flynn,猛龙,后卫,1.88,79.4 公斤,0,美国,https://china.nba.com//players/#!/malachi_flynn,0,0,0,0,0,0,0,0,0,0,0,0,0,0,0
Bryn Forbes,雄鹿,后卫,1.88,93.0 公斤,4,美国,https://china.nba.com//players/#!/bryn_forbes,261,155,21.7,43.1,40.0,80.1,0.2,1.7,8.9,1.9,1.5,0.4,0.0,0.7,1.5
Trent Forrest,爵士,后卫,1.93,95.3 公斤,0,美国,https://china.nba.com//players/#!/trent_forrest,0,0,0,0,0,0,0,0,0,0,0,0,0,0,0
Evan Fournier,魔术,后卫-前锋,2.01,93.0 公斤,8,法国,https://china.nba.com//players/#!/evan_fournier,523,381,28.4,44.9,37.5,80.7,0.4,2.3,14.1,2.7,2.6,0.9,0.1,1.7,2.4
De'Aaron Fox,国王,后卫,1.90,83.9 公斤,3,美国,https://china.nba.com//players/#!/de'aaron_fox,205,191,30.3,45.1,32.8,71.8,0.5,2.9,16.2,3.4,6.1,1.4,0.4,2.7,2.5
Robert Franks,魔术,前锋,2.01,102.1 公斤,0,https://china.nba.com//players/#!/robert_franks,0,0,0,0,0,0,0,0,0,0,0,0,0,0,0,0
Markelle Fultz,魔术,后卫,1.90,94.8 公斤,3,美国,https://china.nba.com//players/#!/markelle_fultz,105,75,25.5,45.2,26.7,67.7,0.7,2.6,10.7,3.3,4.6,1.1,0.2,1.8,2.1
Wenyen Gabriel,鹈鹕,前锋,2.06,93.0 公斤,1,苏丹,https://china.nba.com//players/#!/wenyen_gabriel,30,1,7.8,43.8,30.0,68.2,0.7,1.0,2.1,1.7,0.3,0.4,0.2,0.5,1.3
Daniel Gafford,公牛,前锋-中锋,2.08,106.1 公斤,1,美国,https://china.nba.com//players/#!/daniel_gafford,43,7,14.2,70.1,0.0,53.3,1.2,1.3,5.1,2.5,0.5,0.3,1.3,0.7,2.3
Danilo Gallinari,老鹰,前锋,2.08,105.7 公斤,11,意大利,https://china.nba.com//players/#!/danilo_gallinari,611,541,30.9,42.7,38.0,87.3,0.7,4.2,16.2,4.9,2.0,0.8,0.4,1.3,1.8
Langston Galloway,太阳,后卫,1.85,90.7 公斤,6,美国,https://china.nba.com//players/#!/langston_galloway,405,62,22.9,39.6,36.7,81.0,0.5,2.1,8.5,2.6,1.7,0.7,0.2,0.6,1.7
Darius Garland,骑士,后卫,1.85,87.1 公斤,1,美国,https://china.nba.com//players/#!/darius_garland,59,59,30.9,40.1,35.5,87.5,0.5,1.4,12.3,1.9,3.9,0.7,0.1,2.6,1.6
Marc Gasol,湖人,中锋,2.11,115.7 公斤,12,西班牙,https://china.nba.com//players/#!/marc_gasol,839,824,33.0,48.1,35.4,77.7,1.6,6.0,14.6,7.6,3.4,0.9,1.4,2.0,2.9
Rudy Gay,马刺,前锋-后卫,2.03,113.4 公斤,14,美国,https://china.nba.com//players/#!/rudy_gay,946,777,33.1,45.6,34.7,79.9,1.4,4.5,17.1,5.9,2.2,1.2,0.8,2.2,2.4
Paul George,快船,前锋,2.03,99.8 公斤,10,美国,https://china.nba.com//players/#!/paul_george,652,604,33.5,43.3,38.1,84.6,0.9,5.5,20.0,6.4,3.4,1.8,0.4,2.6,2.7
Harry Giles III,开拓者,前锋-中锋,2.11,108.9 公斤,2,美国,https://china.nba.com//players/#!/harry_giles,104,17,14.3,52.4,0.0,68.6,1.1,2.9,7.0,3.9,1.4,0.5,0.4,1.1,2.6
Shai Gilgeous-Alexander,雷霆,后卫-前锋,1.96,81.6 公斤,2,加拿大,https://china.nba.com//players/#!/shai_gilgeous-alexander,152,143,30.3,47.3,35.4,80.4,0.7,3.6,14.6,4.2,3.3,1.2,0.6,1.8,1.9
Anthony Gill,奇才,前锋,2.03,104.3 公斤,0,美国,https://china.nba.com//players/#!/anthony_gill,0,0,0,0,0,0,0,0,0,0,0,0,0,0,0
Romaro Gill,爵士,中锋,2.18,115.7 公斤,0,牙买加,https://china.nba.com//players/#!/romaro_gill,0,0,0,0,0,0,0,0,0,0,0,0,0,0,0
Freddie Gillespie,独行侠,前锋,2.06,111.1 公斤,0,美国,https://china.nba.com//players/#!/freddie_gillespie,0,0,0,0,0,0,0,0,0,0,0,0,0,0,0
Rudy Gobert,爵士,中锋,2.16,117.0 公斤,7,法国,https://china.nba.com//players/#!/rudy_gobert,474,382,29.5,64.0,0.0,63.1,3.3,7.7,11.7,11.0,1.4,0.7,2.2,1.6,2.6
Brandon Goodwin,老鹰,后卫,1.83,81.6 公斤,2,美国,https://china.nba.com//players/#!/brandon_goodwin,50,1,9.7,38.5,30.1,90.2,0.2,1.3,4.6,1.5,1.3,0.2,0.1,0.6,1.0
Aaron Gordon,魔术,前锋,2.03,106.6 公斤,6,美国,https://china.nba.com//players/#!/aaron_gordon,403,314,28.6,44.8,31.9,70.1,1.6,4.8,12.8,6.4,2.4,0.8,0.6,1.4,2.0
Eric Gordon,火箭,后卫,1.90,97.5 公斤,12,美国,https://china.nba.com//players/#!/eric_gordon,665,511,32.8,42.5,37.0,81.1,0.4,2.1,16.6,2.5,2.9,0.9,0.3,2.0,2.0
Devonte' Graham,黄蜂,后卫,1.85,88.5 公斤,2,美国,https://china.nba.com//players/#!/devonte_graham,109,56,26.5,37.5,35.7,81.0,0.5,2.1,12.5,2.5,5.4,0.8,0.2,1.9,1.5
Treveon Graham,雄鹿,后卫-前锋,1.96,99.3 公斤,4,美国,https://china.nba.com//players/#!/treveon_graham,180,44,16.0,38.3,33.3,69.1,0.7,1.6,4.2,2.2,0.8,0.4,0.1,0.4,1.7
Jerami Grant,活塞,前锋,2.03,95.3 公斤,6,美国,https://china.nba.com//players/#!/jerami_grant,454,169,24.5,46.5,34.7,66.9,0.9,2.9,9.3,3.9,1.1,0.6,1.1,0.9,2.3
Jerian Grant,火箭,后卫,1.93,89.8 公斤,5,美国,https://china.nba.com//players/#!/jerian_grant,279,61,17.9,41.1,32.3,77.0,0.3,1.6,6.1,1.9,2.9,0.7,0.1,1.0,1.5
Danny Green,76人,后卫,1.98,97.5 公斤,11,美国,https://china.nba.com//players/#!/danny_green,688,612,25.4,42.4,40.0,80.7,0.6,2.9,8.9,3.5,1.6,1.0,0.8,1.0,1.8
Draymond Green,勇士,前锋,1.98,104.3 公斤,8,美国,https://china.nba.com//players/#!/draymond_green,576,428,28.1,43.5,31.9,71.0,1.1,5.8,9.0,6.9,5.0,1.4,1.1,2.1,2.8
Gerald Green,火箭,后卫-前锋,1.98,93.0 公斤,12,美国,https://china.nba.com//players/#!/gerald_green,658,118,19.8,41.7,36.1,81.8,0.5,2.0,9.7,2.5,0.9,0.5,0.3,1.1,1.9
JaMychal Green,掘金,前锋-中锋,2.03,103.0 公斤,6,美国,https://china.nba.com//players/#!/jamychal_green,362,152,21.9,47.1,37.4,76.8,1.8,4.3,8.1,6.1,0.9,0.6,0.4,1.1,2.7
Javonte Green,凯尔特人,后卫-前锋,1.93,93.0 公斤,1,美国,https://china.nba.com//players/#!/javonte_green,48,2,9.8,50.0,27.3,66.7,0.5,1.4,3.4,1.9,0.5,0.5,0.2,0.5,0.9
Jeff Green,篮网,前锋,2.03,106.6 公斤,12,美国,https://china.nba.com//players/#!/jeff_green,908,546,29.5,44.2,33.4,80.5,0.9,3.5,13.0,4.4,1.6,0.7,0.5,1.5,2.2
Josh Green,独行侠,后卫,1.96,90.7 公斤,0,澳洲,https://china.nba.com//players/#!/josh_green,0,0,0,0,0,0,0,0,0,0,0,0,0,0,0
Blake Griffin,活塞,前锋,2.06,113.4 公斤,10,美国,https://china.nba.com//players/#!/blake_griffin,622,622,34.8,49.8,33.3,69.4,2.2,6.7,21.7,8.8,4.4,0.9,0.5,2.6,2.9
Marko Guduric,灰熊,后卫,1.98,91.2 公斤,1,塞尔维亚,https://china.nba.com//players/#!/marko_guduric,44,0,11.0,39.5,30.1,92.3,0.3,1.3,3.9,1.7,1.0,0.3,0.2,0.8,0.8
Kyle Guy,国王,后卫,1.85,75.8 公斤,1,美国,https://china.nba.com//players/#!/kyle_guy,3,0,3.3,40.0,0.0,0.0,0.0,0.3,1.3,0.3,0.3,0.0,0.0,0.0,0.3
Rui Hachimura,奇才,前锋,2.03,104.3 公斤,1,Japan,https://china.nba.com//players/#!/rui_hachimura,48,48,30.1,46.6,28.7,82.9,1.6,4.5,13.5,6.1,1.8,0.8,0.2,1.1,2.2
Ashton Hagans,森林狼,后卫-前锋,1.90,86.2 公斤,0,美国,https://china.nba.com//players/#!/ashton_hagans,0,0,0,0,0,0,0,0,0,0,0,0,0,0,0
Tyrese Haliburton,国王,后卫,1.96,83.9 公斤,0,美国,https://china.nba.com//players/#!/tyrese_haliburton,0,0,0,0,0,0,0,0,0,0,0,0,0,0,0
Josh Hall,雷霆,前锋,2.06,86.2 公斤,0,美国,https://china.nba.com//players/#!/josh_hall,0,0,0,0,0,0,0,0,0,0,0,0,0,0,0
Rayshaun Hammonds,步行者,前锋,2.06,86.2 公斤,0,美国,https://china.nba.com//players/#!/rayshaun_hammonds,0,0,0,0,0,0,0,0,0,0,0,0,0,0,0
R.J. Hampton,掘金,后卫,1.93,79.4 公斤,0,美国,https://china.nba.com//players/#!/rj_hampton,0,0,0,0,0,0,0,0,0,0,0,0,0,0,0
Tim Hardaway Jr.,独行侠,后卫-前锋,1.96,93.0 公斤,7,美国,https://china.nba.com//players/#!/tim_hardaway jr.,0,0,0,0,0,0,0,0,0,0,0,0,0,0,0
James Harden,火箭,后卫,1.96,99.8 公斤,11,美国,https://china.nba.com//players/#!/james_harden,833,620,34.3,44.3,36.3,85.8,0.8,4.6,25.2,5.3,6.3,1.6,0.5,3.7,2.7
Maurice Harkless,热火,前锋-后卫,2.01,99.8 公斤,8,美国,https://china.nba.com//players/#!/maurice_harkless,537,325,23.1,47.8,32.5,61.2,1.2,2.5,7.2,3.7,0.9,1.0,0.7,0.9,2.1
Jared Harper,尼克斯,后卫,1.78,79.4 公斤,1,美国,https://china.nba.com//players/#!/jared_harper,3,0,2.7,25.0,0.0,0.0,0.0,0.0,0.7,0.0,0.0,0.0,0.0,0.0,0.0
Montrezl Harrell,湖人,前锋-中锋,2.01,108.9 公斤,5,美国,https://china.nba.com//players/#!/montrezl_harrell,318,25,20.9,61.4,10.0,63.8,1.8,3.2,12.7,4.9,1.3,0.6,0.9,1.2,2.3
Gary Harris,掘金,后卫,1.93,95.3 公斤,6,美国,https://china.nba.com//players/#!/gary_harris,368,306,29.0,45.4,36.0,80.3,0.6,2.0,12.1,2.6,2.1,1.3,0.2,1.3,1.8
Jalen Harris,猛龙,后卫,1.96,88.5 公斤,0,美国,https://china.nba.com//players/#!/jalen_harris,0,0,0,0,0,0,0,0,0,0,0,0,0,0,0
Joe Harris,篮网,后卫-前锋,1.98,99.8 公斤,6,美国,https://china.nba.com//players/#!/joe_harris,331,171,24.3,47.9,42.6,77.9,0.6,2.6,10.4,3.1,1.6,0.5,0.2,1.2,2.1
Tobias Harris,76人,前锋,2.03,102.5 公斤,9,美国,https://china.nba.com//players/#!/tobias_harris,618,498,30.8,47.1,36.5,82.0,1.0,5.1,15.9,6.1,2.0,0.7,0.5,1.4,2.0
Shaquille Harrison,爵士,后卫,2.01,86.2 公斤,3,美国,https://china.nba.com//players/#!/shaquille_harrison,139,23,16.5,44.8,29.3,70.6,0.5,2.2,6.0,2.7,1.7,1.1,0.4,0.7,1.6
Josh Hart,鹈鹕,后卫,1.96,97.5 公斤,3,美国,https://china.nba.com//players/#!/josh_hart,195,61,25.3,43.0,35.3,71.3,0.7,4.1,8.6,4.8,1.4,0.9,0.4,0.9,2.1
Isaiah Hartenstein,掘金,中锋-前锋,2.13,113.4 公斤,2,德国,https://china.nba.com//players/#!/isaiah_hartenstein,51,2,9.5,59.3,18.2,71.4,1.0,1.7,3.1,2.7,0.6,0.3,0.5,0.6,1.9
Udonis Haslem,热火,前锋,2.03,106.6 公斤,17,美国,https://china.nba.com//players/#!/udonis_haslem,858,500,25.1,48.9,8.6,75.5,1.9,4.8,7.6,6.7,0.8,0.5,0.3,0.9,2.4
Jaxson Hayes,鹈鹕,中锋-前锋,2.11,99.8 公斤,1,美国,https://china.nba.com//players/#!/jaxson_hayes,64,14,16.9,67.2,25.0,64.7,1.5,2.5,7.4,4.1,0.9,0.4,0.9,0.8,2.5
Killian Hayes,活塞,后卫,1.96,88.5 公斤,0,美国,https://china.nba.com//players/#!/killian_hayes,0,0,0,0,0,0,0,0,0,0,0,0,0,0,0
Gordon Hayward,黄蜂,前锋,2.01,102.1 公斤,10,美国,https://china.nba.com//players/#!/gordon_hayward,641,479,30.8,45.1,36.6,82.3,0.8,3.7,15.3,4.4,3.5,1.0,0.4,2.0,1.8
Juancho Hernangomez,森林狼,前锋,2.06,97.1 公斤,4,西班牙,https://china.nba.com//players/#!/juan_hernangomez,205,51,16.2,42.8,35.9,72.2,0.8,2.6,5.3,3.4,0.7,0.4,0.2,0.5,1.2
Willy Hernangomez,鹈鹕,中锋-前锋,2.11,113.4 公斤,4,西班牙,https://china.nba.com//players/#!/willy_hernangomez,209,26,14.4,53.1,33.0,68.7,1.9,3.5,6.9,5.4,1.0,0.4,0.4,1.1,1.7
Tyler Herro,热火,后卫,1.96,88.5 公斤,1,美国,https://china.nba.com//players/#!/tyler_herro,55,8,27.4,42.8,38.9,87.0,0.3,3.8,13.5,4.1,2.2,0.6,0.2,1.6,1.4
Buddy Hield,国王,后卫,1.93,99.8 公斤,4,巴哈马,https://china.nba.com//players/#!/buddy_hield,316,194,27.7,44.1,41.1,86.6,0.8,3.4,15.9,4.2,2.2,0.8,0.3,1.7,2.0
George Hill,雷霆,后卫,1.90,85.3 公斤,12,美国,https://china.nba.com//players/#!/george_hill,785,449,27.7,45.7,38.4,80.3,0.6,2.5,11.1,3.1,3.2,0.9,0.3,1.3,2.0
Solomon Hill,老鹰,前锋,1.98,102.5 公斤,7,美国,https://china.nba.com//players/#!/solomon_hill,364,172,22.0,39.5,33.6,80.1,0.7,2.5,5.8,3.2,1.6,0.7,0.2,0.9,1.7
Nate Hinton,独行侠,后卫-前锋,1.96,95.3 公斤,0,美国,https://china.nba.com//players/#!/nate_hinton,0,0,0,0,0,0,0,0,0,0,0,0,0,0,0
Aaron Holiday,步行者,后卫,1.83,83.9 公斤,2,美国,https://china.nba.com//players/#!/aaron_holiday,116,33,19.5,41.0,37.4,83.9,0.2,1.7,7.9,1.9,2.7,0.7,0.3,1.1,1.7
Jrue Holiday,雄鹿,后卫,1.90,93.0 公斤,11,美国,https://china.nba.com//players/#!/jrue_holiday,713,640,33.2,45.3,35.4,77.7,0.9,3.1,15.9,3.9,6.4,1.5,0.5,2.8,2.3
Justin Holiday,步行者,前锋-后卫,1.98,81.6 公斤,7,美国,https://china.nba.com//players/#!/justin_holiday,430,168,23.0,39.6,36.0,82.6,0.4,2.5,8.1,2.9,1.4,1.0,0.4,0.9,1.6
Rondae Hollis Jefferson,森林狼,前锋,1.98,98.4 公斤,5,美国,https://china.nba.com//players/#!/rondae_hollis-jefferson,294,153,22.6,44.8,21.3,73.8,1.5,4.2,9.3,5.6,1.9,0.9,0.5,1.3,2.1
Richaun Holmes,国王,前锋,2.08,106.6 公斤,5,美国,https://china.nba.com//players/#!/richaun_holmes,270,62,18.8,58.3,25.7,72.4,1.7,3.3,8.4,5.0,0.9,0.6,1.0,0.8,2.6
Caleb Homesley,奇才,后卫,1.98,93.0 公斤,0,美国,https://china.nba.com//players/#!/caleb_homesley,0,0,0,0,0,0,0,0,0,0,0,0,0,0,0
Rodney Hood,开拓者,后卫-前锋,2.03,94.3 公斤,6,美国,https://china.nba.com//players/#!/rodney_hood,341,248,27.3,42.6,37.2,83.9,0.4,2.5,12.5,2.9,1.9,0.8,0.2,1.1,2.2
Al Horford,雷霆,中锋-前锋,2.06,108.9 公斤,13,多明尼加共和国,https://china.nba.com//players/#!/al_horford,853,843,32.6,52.0,36.4,75.4,2.1,6.2,13.9,8.3,3.3,0.8,1.2,1.6,2.3
Talen Horton-Tucker,湖人,后卫,1.93,106.1 公斤,1,美国,https://china.nba.com//players/#!/talen_horton-tucker,6,1,13.5,46.7,30.8,50.0,0.3,0.8,5.7,1.2,1.0,1.3,0.2,1.0,1.7
Danuel House Jr.,火箭,前锋-后卫,1.98,99.8 公斤,4,美国,https://china.nba.com//players/#!/danuel_house,126,68,26.2,43.9,36.9,80.2,0.8,3.1,9.4,3.8,1.2,0.8,0.4,0.8,1.9
Dwight Howard,76人,中锋-前锋,2.08,120.2 公斤,16,美国,https://china.nba.com//players/#!/dwight_howard,1113,1045,33.5,58.6,13.2,56.5,3.5,8.9,16.7,12.3,1.4,0.9,1.9,2.8,3.2
Markus Howard,掘金,后卫,1.80,79.4 公斤,0,美国,https://china.nba.com//players/#!/markus_howard,0,0,0,0,0,0,0,0,0,0,0,0,0,0,0
Kevin Huerter,老鹰,后卫-前锋,2.01,86.2 公斤,2,美国,https://china.nba.com//players/#!/kevin_huerter,131,107,29.1,41.6,38.3,78.3,0.7,2.9,10.8,3.6,3.3,0.9,0.4,1.5,2.2
Elijah Hughes,爵士,后卫,1.98,97.5 公斤,0,美国,https://china.nba.com//players/#!/elijah_hughes,0,0,0,0,0,0,0,0,0,0,0,0,0,0,0
De'Andre Hunter,老鹰,前锋-后卫,2.01,102.1 公斤,1,美国,https://china.nba.com//players/#!/deandre_hunter,63,62,32.0,41.0,35.5,76.4,0.7,3.8,12.3,4.5,1.8,0.7,0.3,1.6,2.9
Chandler Hutchison,公牛,前锋-后卫,2.01,95.3 公斤,2,美国,https://china.nba.com//players/#!/chandler_hutchison,72,24,19.8,45.8,29.5,59.5,0.7,3.4,6.2,4.1,0.8,0.7,0.2,0.7,1.5
Serge Ibaka,快船,前锋,2.13,106.6 公斤,11,Republic of the Congo,https://china.nba.com//players/#!/serge_ibaka,808,646,28.6,51.4,36.0,75.8,2.2,5.2,12.6,7.4,0.8,0.4,2.1,1.4,2.8
Andre Iguodala,热火,后卫-前锋,1.98,97.5 公斤,16,美国,https://china.nba.com//players/#!/andre_iguodala,1129,779,33.2,46.5,33.3,70.9,0.9,4.1,12.0,5.1,4.3,1.5,0.5,1.9,1.8
Joe Ingles,爵士,前锋-后卫,2.01,99.8 公斤,6,澳洲,https://china.nba.com//players/#!/joe_ingles,478,268,25.5,44.7,40.7,75.1,0.3,2.9,8.3,3.2,3.6,1.0,0.2,1.6,1.9
Brandon Ingram,鹈鹕,前锋,2.01,86.2 公斤,4,美国,https://china.nba.com//players/#!/brandon_ingram,252,213,32.2,45.9,36.0,72.2,0.8,4.2,16.3,5.1,3.2,0.7,0.6,2.3,2.6
Kyrie Irving,篮网,后卫,1.88,88.5 公斤,9,澳洲,https://china.nba.com//players/#!/kyrie_irving,528,528,33.8,46.6,39.0,87.7,0.8,2.9,22.4,3.7,5.7,1.3,0.4,2.6,2.2
Jonathan Isaac,魔术,前锋,2.11,104.3 公斤,3,美国,https://china.nba.com//players/#!/jonathan_isaac,136,106,25.8,43.5,33.0,79.7,1.3,4.2,9.3,5.5,1.1,1.1,1.5,1.1,2.0
Wes Iwundu,独行侠,前锋,1.98,88.5 公斤,3,美国,https://china.nba.com//players/#!/wes_iwundu,182,46,17.6,41.8,31.9,79.4,0.5,2.0,4.8,2.5,1.0,0.5,0.3,0.6,1.6
Frank Jackson,雷霆,后卫,1.90,93.0 公斤,2,美国,https://china.nba.com//players/#!/frank_jackson,120,18,16.4,42.2,31.9,74.3,0.4,1.4,7.2,1.8,1.1,0.4,0.1,0.8,1.4
Josh Jackson,活塞,后卫-前锋,2.03,93.9 公斤,3,美国,https://china.nba.com//players/#!/josh_jackson,178,64,24.3,41.7,29.8,65.5,1.0,3.3,11.9,4.3,1.9,1.0,0.6,2.0,2.6
Justin Jackson,雷霆,前锋,2.01,99.8 公斤,3,美国,https://china.nba.com//players/#!/justin_jackson,214,58,19.5,43.1,32.4,78.8,0.5,2.1,6.5,2.6,1.0,0.4,0.2,0.4,1.2
Reggie Jackson,快船,后卫,1.90,94.3 公斤,9,美国,https://china.nba.com//players/#!/reggie_jackson,561,348,25.2,42.8,33.7,85.8,0.5,2.4,12.8,3.0,4.4,0.7,0.1,1.9,2.0
Jaren Jackson Jr.,灰熊,前锋-中锋,2.11,109.8 公斤,2,美国,https://china.nba.com//players/#!/jaren_jackson_jr,115,113,27.3,48.5,38.4,75.7,1.1,3.5,15.5,4.6,1.2,0.8,1.5,1.7,3.9
Justin James,国王,后卫-前锋,2.01,86.2 公斤,1,美国,https://china.nba.com//players/#!/justin_james,36,0,6.4,41.7,31.0,47.6,0.2,0.7,2.5,0.9,0.5,0.2,0.3,0.2,0.5
LeBron James,湖人,前锋,2.06,113.4 公斤,17,美国,https://china.nba.com//players/#!/lebron_james,1265,1264,38.4,50.4,34.4,73.4,1.2,6.2,27.1,7.4,7.4,1.6,0.8,3.5,1.8
Amile Jefferson,凯尔特人,前锋,2.06,100.7 公斤,2,美国,https://china.nba.com//players/#!/amile_jefferson,30,0,4.7,50.0,0.0,54.5,0.5,0.9,1.4,1.5,0.2,0.1,0.2,0.1,0.5
DaQuan Jeffries,国王,后卫-前锋,1.96,104.3 公斤,1,美国,https://china.nba.com//players/#!/daquan_jeffries,13,0,10.8,50.0,27.8,83.3,0.2,1.2,3.8,1.4,0.5,0.3,0.1,0.2,1.5
Ty Jerome,雷霆,后卫-前锋,1.96,88.5 公斤,1,美国,https://china.nba.com//players/#!/ty_jerome,31,0,10.6,33.6,28.0,75.0,0.2,1.3,3.3,1.5,1.4,0.5,0.1,0.6,0.9
Isaiah Joe,76人,后卫,1.96,74.8 公斤,0,美国,https://china.nba.com//players/#!/isaiah_joe,0,0,0,0,0,0,0,0,0,0,0,0,0,0,0
Alize Johnson,猛龙,前锋,2.01,96.2 公斤,2,美国,https://china.nba.com//players/#!/alize_johnson,31,1,5.9,35.6,40.0,61.1,0.7,1.5,1.5,2.2,0.3,0.1,0.2,0.2,0.6
BJ Johnson,热火,前锋,2.01,90.7 公斤,2,美国,https://china.nba.com//players/#!/bj_johnson,17,0,7.8,36.0,37.5,91.7,0.3,1.1,3.1,1.4,0.2,0.3,0.0,0.5,0.4
Cameron Johnson,太阳,前锋,2.03,95.3 公斤,1,美国,https://china.nba.com//players/#!/cameron_johnson,57,9,22.0,43.5,39.0,80.7,0.9,2.4,8.8,3.3,1.2,0.6,0.4,0.6,1.5
James Johnson,独行侠,前锋,2.01,108.9 公斤,11,美国,https://china.nba.com//players/#!/james_johnson,634,220,20.6,47.7,31.0,69.3,0.8,2.8,8.0,3.6,2.1,0.8,0.9,1.5,2.2
Keldon Johnson,马刺,前锋-后卫,1.96,99.8 公斤,1,美国,https://china.nba.com//players/#!/keldon_johnson,17,1,17.7,59.6,59.1,79.5,0.6,2.8,9.1,3.4,0.9,0.8,0.1,0.8,1.7
Stanley Johnson,猛龙,前锋-后卫,1.98,109.8 公斤,5,美国,https://china.nba.com//players/#!/stanley_johnson,310,64,20.4,37.4,29.3,75.5,0.5,2.7,6.6,3.2,1.4,0.9,0.2,1.2,1.9
Tyler Johnson,篮网,后卫,1.90,84.4 公斤,6,美国,https://china.nba.com//players/#!/tyler_johnson,309,75,25.7,42.9,35.9,77.6,0.6,2.6,10.5,3.2,2.5,0.9,0.4,1.2,1.9
Nikola Jokic,掘金,中锋,2.13,128.8 公斤,5,塞尔维亚,https://china.nba.com//players/#!/nikola_jokic,381,340,29.0,52.4,33.8,82.6,2.6,7.0,17.0,9.6,5.5,1.1,0.7,2.5,2.9
Damian Jones,太阳,中锋,2.11,111.1 公斤,4,美国,https://china.nba.com//players/#!/damian_jones,104,49,14.1,66.6,22.2,67.6,1.1,1.9,4.6,3.1,0.6,0.4,0.7,0.5,2.3
Mason Jones,火箭,后卫,1.96,90.7 公斤,0,美国,https://china.nba.com//players/#!/mason_jones,0,0,0,0,0,0,0,0,0,0,0,0,0,0,0
Tre Jones,马刺,后卫,1.88,83.9 公斤,0,美国,https://china.nba.com//players/#!/tre_jones,0,0,0,0,0,0,0,0,0,0,0,0,0,0,0
Tyus Jones,灰熊,后卫,1.83,88.9 公斤,5,美国,https://china.nba.com//players/#!/tyus_jones,312,40,18.0,43.1,34.5,80.3,0.2,1.3,5.6,1.6,3.6,1.0,0.1,0.7,1.0
Derrick Jones Jr.,开拓者,前锋,1.98,95.3 公斤,4,美国,https://china.nba.com//players/#!/derrick_jones jr.,0,0,0,0,0,0,0,0,0,0,0,0,0,0,0
DeAndre Jordan,篮网,中锋,2.11,120.2 公斤,12,美国,https://china.nba.com//players/#!/deandre_jordan,875,713,27.8,66.9,9.1,47.4,3.2,7.6,9.5,10.8,0.9,0.6,1.6,1.4,2.6
Cory Joseph,国王,后卫,1.90,90.7 公斤,9,加拿大,https://china.nba.com//players/#!/cory_joseph,600,121,21.9,44.1,33.2,76.9,0.5,2.1,6.9,2.6,2.9,0.8,0.2,1.0,1.5
Mfiondu Kabengele,快船,前锋-中锋,2.06,113.4 公斤,1,加拿大,https://china.nba.com//players/#!/mfiondu_kabengele,12,0,5.3,43.8,45.0,100.0,0.1,0.8,3.5,0.9,0.2,0.2,0.2,0.2,0.8
Frank Kaminsky,国王,前锋-中锋,2.13,108.9 公斤,5,美国,https://china.nba.com//players/#!/frank_kaminsky,321,36,21.9,42.2,34.7,75.0,0.8,3.3,9.8,4.1,1.6,0.5,0.4,0.9,1.6
Enes Kanter,开拓者,中锋,2.08,113.4 公斤,9,土耳其,https://china.nba.com//players/#!/enes_kanter,641,223,21.7,54.3,28.7,77.6,2.9,4.7,11.6,7.6,0.9,0.4,0.5,1.5,2.2
Luke Kennard,快船,后卫,1.96,93.4 公斤,3,美国,https://china.nba.com//players/#!/luke_kennard,164,44,23.3,44.1,40.2,86.3,0.3,2.5,9.8,2.8,2.2,0.5,0.2,1.0,1.5
Michael Kidd-Gilchrist,尼克斯,前锋,1.98,105.2 公斤,8,美国,https://china.nba.com//players/#!/michael_kidd-gilchrist,446,356,24.6,47.4,27.2,71.5,1.6,3.9,8.4,5.4,1.2,0.7,0.7,0.9,2.1
Maxi Kleber,独行侠,前锋,2.08,108.9 公斤,3,德国,https://china.nba.com//players/#!/maxi_kleber,217,74,21.2,46.6,35.5,80.1,1.3,3.1,7.1,4.4,1.0,0.4,1.0,0.7,2.0
Nathan Knight,老鹰,前锋-中锋,2.08,114.8 公斤,0,美国,https://china.nba.com//players/#!/nathan_knight,0,0,0,0,0,0,0,0,0,0,0,0,0,0,0
Kevin Knox II,尼克斯,前锋,2.01,97.5 公斤,2,美国,https://china.nba.com//players/#!/kevin_knox,140,61,23.7,36.7,33.7,69.7,0.6,3.1,9.9,3.7,1.0,0.5,0.4,1.1,2.0
John Konchar,灰熊,后卫,1.96,95.3 公斤,1,美国,https://china.nba.com//players/#!/john_konchar,19,0,9.5,64.9,50.0,50.0,1.0,1.5,2.8,2.5,1.2,0.4,0.2,0.4,0.4
Furkan Korkmaz,76人,后卫-前锋,2.01,91.6 公斤,3,土耳其,https://china.nba.com//players/#!/furkan_korkmaz,134,19,17.3,41.6,37.7,76.7,0.3,1.9,7.5,2.1,1.0,0.5,0.1,0.6,1.3
Luke Kornet,公牛,前锋-中锋,2.18,113.4 公斤,3,美国,https://china.nba.com//players/#!/luke_kornet,102,33,16.4,40.0,33.9,77.6,0.6,2.2,6.6,2.8,1.1,0.4,0.8,0.5,1.2
Rodions Kurucs,篮网,前锋,2.06,103.4 公斤,2,拉脱维亚,https://china.nba.com//players/#!/rodions_kurucs,110,55,18.0,44.9,33.2,73.8,0.7,2.8,6.8,3.5,0.9,0.6,0.3,1.1,2.2
Kyle Kuzma,湖人,前锋,2.03,100.2 公斤,3,美国,https://china.nba.com//players/#!/kyle_kuzma,208,114,30.0,44.9,33.1,73.2,1.0,4.5,16.0,5.5,1.9,0.6,0.4,1.8,2.2
Zach LaVine,公牛,后卫-前锋,1.98,90.7 公斤,6,美国,https://china.nba.com//players/#!/zach_lavine,353,266,30.8,44.7,37.5,81.9,0.5,3.2,17.7,3.6,3.6,1.0,0.3,2.5,2.2
Jeremy Lamb,步行者,后卫-前锋,1.96,81.6 公斤,8,美国,https://china.nba.com//players/#!/jeremy_lamb,481,128,21.2,44.4,33.9,85.1,0.5,3.2,10.5,3.7,1.6,0.7,0.4,0.9,1.7
Romeo Langford,凯尔特人,后卫-前锋,1.93,98.0 公斤,1,美国,https://china.nba.com//players/#!/romeo_langford,32,2,11.6,35.0,18.5,72.0,0.5,0.8,2.5,1.3,0.4,0.3,0.3,0.3,1.0
Jake Layman,森林狼,前锋,2.03,94.8 公斤,4,美国,https://china.nba.com//players/#!/jake_layman,164,37,13.7,45.6,30.9,72.4,0.5,1.4,5.3,1.9,0.5,0.4,0.3,0.5,1.2
Caris LeVert,篮网,后卫,1.98,93.0 公斤,4,美国,https://china.nba.com//players/#!/caris_levert,213,92,25.8,43.3,33.9,70.8,0.8,3.0,12.7,3.7,3.6,1.1,0.3,1.9,1.9
TJ Leaf,雷霆,前锋,2.08,100.7 公斤,3,美国,https://china.nba.com//players/#!/tj_leaf,139,2,8.7,49.1,34.1,57.1,0.7,1.3,3.3,2.0,0.3,0.2,0.2,0.2,0.7
Jalen Lecque,步行者,后卫,1.93,83.9 公斤,1,美国,https://china.nba.com//players/#!/jalen_lecque,5,0,6.4,40.0,0.0,100.0,0.0,0.4,2.0,0.4,0.4,0.0,0.0,0.4,0.6
Courtney Lee,独行侠,后卫,1.96,97.5 公斤,12,美国,https://china.nba.com//players/#!/courtney_lee,811,518,27.1,45.1,38.8,85.3,0.5,2.2,9.6,2.6,1.7,1.0,0.3,0.9,1.7
Damion Lee,勇士,后卫-前锋,1.96,95.3 公斤,3,美国,https://china.nba.com//players/#!/damion_lee,96,47,22.9,41.9,34.6,85.3,0.5,3.4,9.8,3.9,1.8,0.9,0.1,1.0,1.8
Saben Lee,活塞,后卫,1.88,83.0 公斤,0,美国,https://china.nba.com//players/#!/saban_lee,0,0,0,0,0,0,0,0,0,0,0,0,0,0,0
Alex Len,猛龙,中锋,2.13,113.4 公斤,7,乌克兰,https://china.nba.com//players/#!/alex_len,467,183,19.6,49.5,33.3,69.0,2.0,4.2,8.0,6.3,0.8,0.4,1.0,1.2,2.7
Kawhi Leonard,快船,前锋,2.01,102.1 公斤,9,美国,https://china.nba.com//players/#!/kawhi_leonard,524,497,31.0,49.1,38.3,85.5,1.2,5.2,18.7,6.4,2.7,1.8,0.7,1.6,1.7
Meyers Leonard,热火,前锋-中锋,2.13,117.9 公斤,8,美国,https://china.nba.com//players/#!/meyers_leonard,444,91,16.1,48.2,39.0,81.1,0.7,3.2,5.6,3.9,0.9,0.2,0.3,0.7,2.2
Kira Lewis Jr.,鹈鹕,后卫,1.90,77.1 公斤,0,美国,https://china.nba.com//players/#!/kira_lewis_jr,0,0,0,0,0,0,0,0,0,0,0,0,0,0,0
Damian Lillard,开拓者,后卫,1.88,88.5 公斤,8,美国,https://china.nba.com//players/#!/damian_lillard,615,615,36.4,43.7,37.3,88.9,0.6,3.6,24.2,4.2,6.5,1.0,0.3,2.8,2.0
Nassir Little,开拓者,前锋-后卫,1.96,99.8 公斤,1,美国,https://china.nba.com//players/#!/nassir_little,48,5,11.9,43.0,23.7,63.6,0.7,1.6,3.6,2.3,0.5,0.3,0.3,0.3,1.5
Kevon Looney,勇士,前锋,2.06,100.7 公斤,5,美国,https://china.nba.com//players/#!/kevon_looney,224,36,13.9,57.0,15.0,60.1,1.6,2.1,4.4,3.7,1.0,0.5,0.6,0.5,1.9
Brook Lopez,雄鹿,中锋,2.13,127.9 公斤,12,美国,https://china.nba.com//players/#!/brook_lopez,785,747,30.6,49.4,34.1,79.3,2.1,4.3,16.8,6.4,1.5,0.6,1.8,1.8,2.7
Robin Lopez,奇才,中锋,2.13,127.5 公斤,12,美国,https://china.nba.com//players/#!/robin_lopez,832,585,22.4,52.9,29.5,74.9,2.3,2.8,8.8,5.1,0.8,0.2,1.2,1.1,2.0
Kevin Love,骑士,前锋-中锋,2.03,113.9 公斤,12,美国,https://china.nba.com//players/#!/kevin_love,713,630,32.0,44.2,37.0,82.8,2.8,8.4,18.2,11.2,2.4,0.7,0.5,2.0,2.1
Kyle Lowry,猛龙,后卫,1.83,88.9 公斤,14,美国,https://china.nba.com//players/#!/kyle_lowry,914,678,31.6,42.3,36.6,80.9,0.8,3.5,14.7,4.3,6.2,1.4,0.3,2.3,2.7
Timothe Luwawu-Cabarrot,篮网,后卫-前锋,2.01,99.8 公斤,4,法国,https://china.nba.com//players/#!/timothe_luwawu-cabarrot,218,35,16.1,39.8,33.8,82.8,0.4,1.7,6.1,2.0,0.8,0.4,0.1,0.8,2.0
Trey Lyles,马刺,前锋,2.06,106.1 公斤,5,美国,https://china.nba.com//players/#!/trey_lyles,351,94,18.0,43.3,34.1,70.8,0.8,3.5,7.4,4.2,1.1,0.4,0.4,0.9,1.5
Will Magnay,鹈鹕,中锋,2.08,106.1 公斤,0,澳洲,https://china.nba.com//players/#!/tmp_will_magnay,0,0,0,0,0,0,0,0,0,0,0,0,0,0,0
Thon Maker,骑士,前锋-中锋,2.13,100.2 公斤,4,南苏丹,https://china.nba.com//players/#!/thon_maker,255,65,13.9,43.3,32.9,67.3,0.8,2.0,4.7,2.8,0.6,0.4,0.7,0.6,1.8
Theo Maledon,雷霆,后卫,1.96,79.4 公斤,0,法国,https://china.nba.com//players/#!/theo_maledon,0,0,0,0,0,0,0,0,0,0,0,0,0,0,0
Karim Mane,魔术,后卫,1.96,86.2 公斤,0,加拿大,https://china.nba.com//players/#!/karim_mane,0,0,0,0,0,0,0,0,0,0,0,0,0,0,0
Terance Mann,快船,后卫-前锋,1.96,97.5 公斤,1,美国,https://china.nba.com//players/#!/terance_mann,41,6,8.8,46.8,35.0,66.7,0.2,1.1,2.4,1.3,1.3,0.3,0.1,0.4,1.1
Nico Mannion,勇士,后卫,1.90,86.2 公斤,0,意大利,https://china.nba.com//players/#!/nico_mannion,0,0,0,0,0,0,0,0,0,0,0,0,0,0,0
Boban Marjanovic,独行侠,中锋,2.24,131.5 公斤,5,塞尔维亚,https://china.nba.com//players/#!/boban_marjanovic,230,22,9.7,58.1,29.6,77.0,1.4,2.7,6.2,4.0,0.5,0.2,0.4,0.7,1.2
Lauri Markkanen,公牛,前锋-中锋,2.13,108.9 公斤,3,芬兰,https://china.nba.com//players/#!/lauri_markkanen,170,169,30.6,43.0,35.6,84.8,1.3,6.3,16.1,7.6,1.3,0.7,0.6,1.5,1.9
Naji Marshall,鹈鹕,前锋,2.01,99.8 公斤,0,美国,https://china.nba.com//players/#!/naji_marshall,0,0,0,0,0,0,0,0,0,0,0,0,0,0,0
Caleb Martin,黄蜂,前锋,1.96,93.0 公斤,1,美国,https://china.nba.com//players/#!/caleb_martin,18,1,17.6,44.0,54.1,81.0,0.6,1.6,6.2,2.1,1.3,0.7,0.4,0.8,1.8
Cody Martin,黄蜂,前锋,1.96,93.0 公斤,1,美国,https://china.nba.com//players/#!/cody_martin,48,3,18.8,43.0,23.4,64.6,0.8,2.5,5.0,3.3,2.0,0.8,0.2,0.9,1.6
Jeremiah Martin,篮网,后卫,1.88,83.9 公斤,1,美国,https://china.nba.com//players/#!/jeremiah_martin,9,0,11.0,45.3,27.8,78.6,0.1,1.0,7.1,1.1,2.0,0.8,0.2,0.4,0.8
Kelan Martin,步行者,前锋,1.96,104.3 公斤,1,美国,https://china.nba.com//players/#!/kelan_martin,31,4,16.0,39.2,26.0,96.8,0.4,2.7,6.4,3.1,0.7,0.2,0.3,0.7,1.7
Kenyon Martin Jr.,火箭,前锋,1.98,97.5 公斤,0,美国,https://china.nba.com//players/#!/kenyon_martin_jr,0,0,0,0,0,0,0,0,0,0,0,0,0,0,0
Garrison Mathews,奇才,后卫,1.96,97.5 公斤,1,美国,https://china.nba.com//players/#!/garrison_mathews,18,0,12.6,42.9,41.3,91.2,0.3,1.0,5.4,1.3,0.6,0.4,0.1,0.4,1.8
Dakota Mathias,76人,后卫,1.93,90.7 公斤,0,美国,https://china.nba.com//players/#!/dakota_mathias,0,0,0,0,0,0,0,0,0,0,0,0,0,0,0
Charles Matthews,骑士,后卫-前锋,1.98,93.0 公斤,0,美国,https://china.nba.com//players/#!/charles_matthews,0,0,0,0,0,0,0,0,0,0,0,0,0,0,0
Wesley Matthews,湖人,后卫,1.93,99.8 公斤,11,美国,https://china.nba.com//players/#!/wesley_matthews,791,730,31.9,42.3,38.1,82.4,0.5,2.5,13.1,3.0,2.1,1.1,0.2,1.3,2.2
Tyrese Maxey,76人,后卫,1.90,90.7 公斤,0,美国,https://china.nba.com//players/#!/tyrese_maxey,0,0,0,0,0,0,0,0,0,0,0,0,0,0,0
Skylar Mays,老鹰,后卫,1.93,93.0 公斤,0,美国,https://china.nba.com//players/#!/skylar_mays,0,0,0,0,0,0,0,0,0,0,0,0,0,0,0
Patrick McCaw,猛龙,后卫,2.01,82.1 公斤,4,美国,https://china.nba.com//players/#!/patrick_mccaw,194,43,17.2,41.9,30.5,77.9,0.3,1.3,3.9,1.6,1.4,0.7,0.2,0.6,1.2
CJ McCollum,开拓者,后卫,1.90,86.2 公斤,7,美国,https://china.nba.com//players/#!/cj_mccollum,481,384,30.9,45.4,39.7,82.7,0.6,2.7,18.5,3.3,3.1,0.9,0.4,1.7,2.2
T.J. McConnell,步行者,后卫,1.85,86.2 公斤,5,美国,https://china.nba.com//players/#!/t.j._mcconnell,385,75,21.4,49.2,33.2,77.9,0.5,2.4,6.4,2.8,4.7,1.2,0.2,1.6,1.4
Jaden McDaniels,森林狼,前锋,2.08,83.9 公斤,0,美国,https://china.nba.com//players/#!/jaden_mcdaniels,0,0,0,0,0,0,0,0,0,0,0,0,0,0,0
Jalen McDaniels,黄蜂,前锋-中锋,2.08,93.0 公斤,1,美国,https://china.nba.com//players/#!/jalen_mcdaniels,16,0,18.3,47.1,37.5,82.4,0.9,3.1,5.6,4.1,0.8,0.5,0.2,0.7,2.3
Doug McDermott,步行者,前锋,2.01,102.1 公斤,6,美国,https://china.nba.com//players/#!/doug_mcdermott,410,14,19.9,46.5,41.2,82.5,0.4,1.8,8.2,2.2,0.8,0.2,0.1,0.6,1.4
Sean McDermott,灰熊,前锋,1.98,88.5 公斤,0,美国,https://china.nba.com//players/#!/sean_mcdermott,0,0,0,0,0,0,0,0,0,0,0,0,0,0,0
JaVale McGee,骑士,中锋-前锋,2.13,122.5 公斤,12,美国,https://china.nba.com//players/#!/javale_mcgee,701,317,17.3,57.5,15.2,59.2,1.9,3.3,7.9,5.2,0.4,0.4,1.5,1.0,2.2
Rodney McGruder,活塞,后卫,1.93,93.0 公斤,4,美国,https://china.nba.com//players/#!/rodney_mcgruder,218,116,21.5,41.2,33.6,64.3,0.9,2.2,5.9,3.1,1.3,0.5,0.2,0.7,1.6
Alfonzo McKinnie,湖人,前锋,2.01,97.5 公斤,3,美国,https://china.nba.com//players/#!/alfonzo_mckinnie,126,6,13.1,46.6,30.7,62.2,0.9,2.0,4.3,2.9,0.4,0.3,0.2,0.5,1.7
Ben McLemore,火箭,后卫,1.90,88.5 公斤,7,美国,https://china.nba.com//players/#!/ben_mclemore,439,257,23.6,42.1,36.6,77.9,0.4,2.0,9.0,2.4,1.1,0.7,0.2,1.2,2.2
Nicolo Melli,鹈鹕,前锋,2.06,107.0 公斤,1,意大利,https://china.nba.com//players/#!/nicolo_melli,0,0,0,0,0,0,0,0,0,0,0,0,0,0,0
De'Anthony Melton,灰熊,后卫,1.88,90.7 公斤,2,美国,https://china.nba.com//players/#!/deanthony_melton,110,39,19.6,39.7,29.4,76.5,0.6,2.6,6.4,3.2,3.0,1.3,0.4,1.5,2.0
Sam Merrill,雄鹿,后卫,1.96,93.0 公斤,0,美国,https://china.nba.com//players/#!/sam_merrill,0,0,0,0,0,0,0,0,0,0,0,0,0,0,0
Chimezie Metu,国王,前锋-中锋,2.06,102.1 公斤,2,美国,https://china.nba.com//players/#!/chimezie_metu,47,0,5.3,43.0,0.0,76.7,0.5,1.0,2.3,1.5,0.5,0.2,0.2,0.5,0.5
Khris Middleton,雄鹿,前锋,2.01,100.7 公斤,8,美国,https://china.nba.com//players/#!/khris_middleton,517,442,31.5,45.8,39.2,87.6,0.6,4.1,16.3,4.7,3.4,1.3,0.2,1.9,2.6
Darius Miller,雷霆,前锋,1.98,102.1 公斤,5,美国,https://china.nba.com//players/#!/darius_miller,253,28,20.4,41.8,38.2,83.0,0.2,1.5,6.0,1.7,1.4,0.4,0.2,0.6,2.0
Patty Mills,马刺,后卫,1.85,81.6 公斤,11,澳洲,https://china.nba.com//players/#!/patty_mills,671,56,19.3,43.1,38.9,85.2,0.3,1.4,8.7,1.7,2.3,0.7,0.1,1.0,1.3
Paul Millsap,掘金,前锋,2.01,116.6 公斤,14,美国,https://china.nba.com//players/#!/paul_millsap,996,709,29.1,49.0,34.3,73.7,2.2,5.1,14.0,7.3,2.3,1.3,1.0,1.8,3.1
Shake Milton,76人,后卫-前锋,1.96,93.0 公斤,2,美国,https://china.nba.com//players/#!/shake_milton,60,24,17.9,46.2,40.2,77.8,0.4,1.7,7.7,2.1,2.0,0.5,0.3,0.9,2.0
Donovan Mitchell,爵士,后卫,1.85,97.5 公斤,3,美国,https://china.nba.com//players/#!/donovan_mitchell,225,217,33.8,43.9,35.5,82.4,0.7,3.3,22.7,4.1,4.0,1.3,0.3,2.7,2.6
Naz Mitrou-Long,步行者,后卫,1.90,98.9 公斤,3,加拿大,https://china.nba.com//players/#!/naz_mitrou-long,20,0,6.6,34.2,20.8,100.0,0.1,0.6,1.7,0.7,1.2,0.1,0.1,0.6,0.6
Adam Mokoka,公牛,后卫,1.96,86.2 公斤,1,法国,https://china.nba.com//players/#!/adam_mokoka,11,0,10.2,42.9,40.0,50.0,0.6,0.3,2.9,0.9,0.4,0.4,0.0,0.2,1.6
Malik Monk,黄蜂,后卫,1.90,90.7 公斤,3,美国,https://china.nba.com//players/#!/malik_monk,191,1,17.2,39.5,32.2,85.0,0.3,1.6,8.6,1.9,1.7,0.4,0.2,1.1,1.3
E.J. Montgomery,雄鹿,前锋,2.08,103.4 公斤,0,美国,https://china.nba.com//players/#!/ej_montgomery,0,0,0,0,0,0,0,0,0,0,0,0,0,0,0
Matt Mooney,骑士,后卫,1.88,90.3 公斤,1,美国,https://china.nba.com//players/#!/matt_mooney,4,0,4.8,25.0,0.0,0.0,0.0,0.8,0.5,0.8,0.3,0.5,0.3,0.0,0.3
E'Twaun Moore,太阳,后卫,1.90,86.6 公斤,9,美国,https://china.nba.com//players/#!/e'twaun_moore,571,190,21.3,45.5,39.0,73.8,0.5,1.6,8.1,2.0,1.8,0.7,0.2,0.9,1.6
Ja Morant,灰熊,后卫,1.90,78.9 公斤,1,美国,https://china.nba.com//players/#!/ja_morant,67,67,31.0,47.7,33.5,77.6,0.8,3.1,17.8,3.9,7.3,0.9,0.3,3.3,1.6
Juwan Morgan,爵士,前锋,2.01,105.2 公斤,1,美国,https://china.nba.com//players/#!/juwan_morgan,21,0,6.4,57.7,37.5,75.0,0.5,0.9,1.7,1.4,0.3,0.1,0.1,0.3,0.9
Markieff Morris,湖人,前锋,2.03,111.1 公斤,9,美国,https://china.nba.com//players/#!/markieff_morris,637,348,25.5,44.8,34.5,77.8,1.3,4.1,11.4,5.3,1.7,0.9,0.6,1.6,2.9
Abdel Nader,太阳,前锋,1.96,102.1 公斤,3,埃及,https://china.nba.com//players/#!/abdel_nader,164,8,12.7,42.1,35.2,71.6,0.3,1.5,4.5,1.8,0.5,0.4,0.3,0.6,1.2
Larry Nance Jr.,骑士,前锋-中锋,2.01,111.1 公斤,5,美国,https://china.nba.com//players/#!/larry_nance jr.,0,0,0,0,0,0,0,0,0,0,0,0,0,0,0
Aaron Nesmith,凯尔特人,后卫-前锋,1.98,97.5 公斤,0,美国,https://china.nba.com//players/#!/aaron_nesmith,0,0,0,0,0,0,0,0,0,0,0,0,0,0,0
Raul Neto,奇才,后卫,1.85,81.6 公斤,5,巴西,https://china.nba.com//players/#!/raul_neto,253,57,13.8,44.6,37.9,78.9,0.2,1.1,4.9,1.3,1.9,0.5,0.1,1.0,1.2
Georges Niang,爵士,前锋,2.01,104.3 公斤,4,美国,https://china.nba.com//players/#!/georges_niang,157,1,10.0,43.6,38.7,82.7,0.2,1.3,4.2,1.5,0.6,0.2,0.1,0.4,0.9
Zeke Nnaji,掘金,前锋-中锋,2.11,108.9 公斤,0,美国,https://china.nba.com//players/#!/zeke_nnaji,0,0,0,0,0,0,0,0,0,0,0,0,0,0,0
Nerlens Noel,尼克斯,中锋-前锋,2.08,99.8 公斤,6,美国,https://china.nba.com//players/#!/nerlens_noel,361,167,22.1,54.3,28.6,64.8,1.9,4.3,8.0,6.2,1.2,1.3,1.4,1.4,2.5
Zach Norvell Jr.,公牛,后卫-前锋,1.96,93.0 公斤,1,美国,https://china.nba.com//players/#!/zach_norvell_jr,5,0,8.2,25.0,37.5,100.0,0.0,1.2,2.0,1.2,0.6,0.4,0.0,0.6,0.8
Jaylen Nowell,森林狼,后卫,1.93,91.2 公斤,1,美国,https://china.nba.com//players/#!/jaylen_nowell,15,0,10.1,35.8,11.5,94.1,0.2,0.7,3.8,0.9,1.3,0.2,0.1,0.2,0.7
Frank Ntilikina,尼克斯,后卫,1.93,90.7 公斤,3,法国,https://china.nba.com//players/#!/frank_ntilikina,178,51,21.3,36.6,31.1,78.3,0.4,1.8,6.0,2.2,3.1,0.8,0.3,1.5,2.4
Kendrick Nunn,热火,后卫,1.88,86.2 公斤,1,美国,https://china.nba.com//players/#!/kendrick_nunn,67,67,29.3,43.9,35.0,85.0,0.3,2.4,15.3,2.7,3.3,0.8,0.2,1.7,2.3
Jusuf Nurkic,开拓者,中锋,2.13,131.5 公斤,6,Bosnia and Herzegovina,https://china.nba.com//players/#!/jusuf_nurkic,318,237,23.1,49.2,9.6,67.3,2.5,5.5,11.8,8.1,2.0,0.9,1.3,2.1,3.1
David Nwaba,火箭,后卫-前锋,1.96,99.3 公斤,4,美国,https://china.nba.com//players/#!/david_nwaba,161,37,20.5,49.2,34.4,66.1,1.0,2.8,6.9,3.7,1.1,0.7,0.4,0.8,2.1
Jordan Nwora,雄鹿,前锋,2.03,102.1 公斤,0,美国,https://china.nba.com//players/#!/jordan_nwora,0,0,0,0,0,0,0,0,0,0,0,0,0,0,0
Royce O'Neale,爵士,前锋,1.93,102.5 公斤,3,美国,https://china.nba.com//players/#!/royce_o'neale,222,82,21.9,44.5,37.5,78.0,0.3,3.8,5.5,4.1,1.8,0.7,0.3,0.8,2.2
Semi Ojeleye,凯尔特人,前锋,1.98,108.9 公斤,3,美国,https://china.nba.com//players/#!/semi_ojeleye,198,9,13.9,39.1,34.0,68.8,0.4,1.5,3.1,2.0,0.4,0.3,0.1,0.3,1.1
Jahlil Okafor,活塞,中锋-前锋,2.08,122.5 公斤,5,美国,https://china.nba.com//players/#!/jahlil_okafor,220,114,20.4,53.8,22.2,67.5,1.6,3.4,11.0,5.0,1.0,0.3,0.9,1.5,2.2
Chuma Okeke,魔术,前锋,2.03,103.9 公斤,0,美国,https://china.nba.com//players/#!/chuma_okeke,0,0,0,0,0,0,0,0,0,0,0,0,0,0,0
Josh Okogie,森林狼,后卫,1.93,96.6 公斤,2,尼日利亚,https://china.nba.com//players/#!/josh_okogie,136,80,24.3,40.4,27.4,76.5,0.9,2.6,8.1,3.6,1.4,1.2,0.4,1.1,2.2
Onyeka Okongwu,老鹰,前锋-中锋,2.06,106.6 公斤,0,美国,https://china.nba.com//players/#!/onyeka_okongwi,0,0,0,0,0,0,0,0,0,0,0,0,0,0,0
Isaac Okoro,骑士,前锋-后卫,1.98,102.1 公斤,0,美国,https://china.nba.com//players/#!/isaac_okoro,0,0,0,0,0,0,0,0,0,0,0,0,0,0,0
KZ Okpala,热火,前锋-后卫,2.03,97.5 公斤,1,美国,https://china.nba.com//players/#!/kz_okpala,5,0,5.2,60.0,0.0,50.0,0.2,0.8,1.4,1.0,0.2,0.4,0.2,0.2,0.4
Victor Oladipo,步行者,后卫,1.93,96.6 公斤,7,美国,https://china.nba.com//players/#!/victor_oladipo,421,361,33.0,44.1,35.0,79.4,0.6,4.0,17.3,4.6,3.9,1.7,0.5,2.6,2.4
Kelly Olynyk,热火,前锋-中锋,2.11,108.9 公斤,7,加拿大,https://china.nba.com//players/#!/kelly_olynyk,500,103,21.3,47.6,37.3,77.5,1.2,3.7,9.7,4.8,1.9,0.7,0.5,1.4,2.8
Miye Oni,爵士,后卫-前锋,1.96,93.4 公斤,1,美国,https://china.nba.com//players/#!/miye_oni,10,1,10.9,37.5,36.8,80.0,0.5,1.2,3.5,1.7,0.4,0.4,0.2,0.4,0.9
Cedi Osman,骑士,前锋,2.01,104.3 公斤,3,土耳其,https://china.nba.com//players/#!/cedi_osman,202,152,24.9,43.7,36.4,71.7,0.5,3.0,9.6,3.5,1.9,0.7,0.2,1.2,2.1
Daniel Oturu,快船,中锋,2.08,108.9 公斤,0,美国,https://china.nba.com//players/#!/daniel_oturu,0,0,0,0,0,0,0,0,0,0,0,0,0,0,0
Kelly Oubre Jr.,勇士,前锋-后卫,2.01,92.1 公斤,5,美国,https://china.nba.com//players/#!/kelly_oubre jr.,0,0,0,0,0,0,0,0,0,0,0,0,0,0,0
Jabari Parker,国王,前锋,2.03,111.1 公斤,6,美国,https://china.nba.com//players/#!/jabari_parker,285,190,29.0,49.3,32.4,74.0,1.5,4.2,14.9,5.7,2.1,0.9,0.4,1.8,2.1
Eric Paschall,勇士,前锋,1.98,115.7 公斤,1,美国,https://china.nba.com//players/#!/eric_paschall,60,26,27.6,49.7,28.7,77.4,1.4,3.2,14.0,4.6,2.1,0.5,0.2,1.6,2.1
Anzejs Pasecniks,奇才,中锋-前锋,2.18,103.9 公斤,1,拉脱维亚,https://china.nba.com//players/#!/anzejs_pasecniks,27,0,16.2,52.6,0.0,58.6,1.6,2.4,5.8,4.0,0.7,0.3,0.4,0.9,2.8
Patrick Patterson,快船,前锋,2.03,106.6 公斤,10,美国,https://china.nba.com//players/#!/patrick_patterson,681,99,21.1,44.8,36.9,75.5,1.2,2.8,6.7,4.0,1.0,0.5,0.4,0.6,1.6
Justin Patton,雄鹿,中锋,2.11,109.3 公斤,3,美国,https://china.nba.com//players/#!/justin_patton,9,0,5.4,36.8,16.7,50.0,0.3,0.9,1.8,1.2,0.6,0.3,0.0,0.2,1.1
Chris Paul,太阳,后卫,1.85,79.4 公斤,15,美国,https://china.nba.com//players/#!/chris_paul,1020,1020,34.9,47.1,37.0,87.0,0.7,3.9,18.5,4.5,9.5,2.2,0.1,2.4,2.5
Cameron Payne,太阳,后卫,1.85,83.0 公斤,5,美国,https://china.nba.com//players/#!/cameron_payne,161,28,16.4,40.3,34.4,78.1,0.3,1.6,6.2,1.9,2.5,0.7,0.2,1.0,1.6
Elfrid Payton,尼克斯,后卫,1.90,88.5 公斤,6,美国,https://china.nba.com//players/#!/elfrid_payton,387,331,29.3,45.2,28.9,62.5,1.1,3.3,11.0,4.4,6.6,1.3,0.4,2.4,2.2
Reggie Perry,篮网,前锋-中锋,2.06,113.4 公斤,0,美国,https://china.nba.com//players/#!/reggie_perry,0,0,0,0,0,0,0,0,0,0,0,0,0,0,0
Theo Pinson,尼克斯,后卫-前锋,1.96,96.2 公斤,2,美国,https://china.nba.com//players/#!/theo_pinson,51,0,11.3,30.7,21.4,89.5,0.3,1.5,3.9,1.8,1.5,0.5,0.1,1.0,1.0
Mason Plumlee,活塞,前锋-中锋,2.11,115.2 公斤,7,美国,https://china.nba.com//players/#!/mason_plumlee,532,257,21.6,57.4,6.3,56.2,2.0,4.2,8.3,6.2,2.2,0.8,0.9,1.5,2.7
Jakob Poeltl,马刺,中锋,2.16,111.1 公斤,4,奥地利,https://china.nba.com//players/#!/jakob_poeltl,279,46,16.5,63.8,50.0,53.6,2.0,2.8,5.5,4.8,1.0,0.4,1.0,0.8,2.1
Vincent Poirier,76人,中锋-前锋,2.13,106.6 公斤,1,法国,https://china.nba.com//players/#!/vincent_poirier,22,0,5.9,47.2,50.0,85.7,0.6,1.4,1.9,2.0,0.4,0.1,0.4,0.4,1.1
Aleksej Pokusevski,雷霆,中锋,2.13,86.2 公斤,0,塞尔维亚,https://china.nba.com//players/#!/aleksej_pokusevski,0,0,0,0,0,0,0,0,0,0,0,0,0,0,0
Jordan Poole,勇士,后卫,1.93,88.0 公斤,1,美国,https://china.nba.com//players/#!/jordan_poole,57,14,22.4,33.3,27.9,79.8,0.2,1.9,8.8,2.1,2.4,0.6,0.2,1.3,1.7
Jontay Porter,灰熊,中锋-前锋,2.11,108.9 公斤,0,美国,https://china.nba.com//players/#!/jontay_porter,0,0,0,0,0,0,0,0,0,0,0,0,0,0,0
Kevin Porter Jr.,骑士,后卫-前锋,1.93,92.1 公斤,1,美国,https://china.nba.com//players/#!/kevin_porter_jr,50,3,23.2,44.2,33.5,72.3,0.4,2.8,10.0,3.2,2.2,0.9,0.3,1.9,2.7
Michael Porter Jr.,掘金,前锋,2.08,98.9 公斤,1,美国,https://china.nba.com//players/#!/michael_porter_jr,55,8,16.4,50.9,42.2,83.3,1.2,3.5,9.3,4.7,0.8,0.5,0.5,0.9,1.8
Otto Porter Jr.,公牛,前锋,2.03,89.8 公斤,7,美国,https://china.nba.com//players/#!/otto_porter jr.,0,0,0,0,0,0,0,0,0,0,0,0,0,0,0
Bobby Portis,雄鹿,前锋,2.08,113.4 公斤,5,美国,https://china.nba.com//players/#!/bobby_portis,315,54,20.4,45.6,36.0,75.4,1.7,4.2,10.2,5.9,1.2,0.5,0.3,1.1,1.8
Kristaps Porzingis,独行侠,前锋-中锋,2.21,108.9 公斤,4,拉脱维亚,https://china.nba.com//players/#!/kristaps_porzingis,243,242,31.2,43.4,35.8,80.3,1.7,6.0,18.4,7.7,1.4,0.7,2.0,1.7,3.2
Dwight Powell,独行侠,前锋-中锋,2.08,108.9 公斤,6,加拿大,https://china.nba.com//players/#!/dwight_powell,371,88,18.8,56.3,29.3,73.9,1.5,3.1,7.7,4.6,1.0,0.7,0.5,0.7,2.1
Myles Powell,尼克斯,后卫,1.88,88.5 公斤,0,美国,https://china.nba.com//players/#!/myles_powell,0,0,0,0,0,0,0,0,0,0,0,0,0,0,0
Norman Powell,猛龙,后卫,1.90,97.5 公斤,5,美国,https://china.nba.com//players/#!/norman_powell,307,89,18.8,45.7,36.1,81.8,0.3,2.1,8.6,2.4,1.3,0.7,0.2,1.0,1.6
Taurean Prince,篮网,前锋,2.01,98.9 公斤,4,美国,https://china.nba.com//players/#!/taurean_prince,260,200,26.4,41.2,36.6,81.8,0.6,3.8,11.6,4.3,1.9,0.9,0.4,1.8,2.2
Payton Pritchard,凯尔特人,后卫,1.88,88.5 公斤,0,美国,https://china.nba.com//players/#!/payton_pritchard,0,0,0,0,0,0,0,0,0,0,0,0,0,0,0
Trevelin Queen,火箭,后卫,1.98,86.2 公斤,0,美国,https://china.nba.com//players/#!/trevelin_queen,0,0,0,0,0,0,0,0,0,0,0,0,0,0,0
Immanuel Quickley,尼克斯,后卫,1.90,86.2 公斤,0,美国,https://china.nba.com//players/#!/immanuel_quickley,0,0,0,0,0,0,0,0,0,0,0,0,0,0,0
Jahmi'us Ramsey,国王,后卫,1.93,86.2 公斤,0,美国,https://china.nba.com//players/#!/jahmius_ramsey,0,0,0,0,0,0,0,0,0,0,0,0,0,0,0
Julius Randle,尼克斯,前锋-中锋,2.03,113.4 公斤,6,美国,https://china.nba.com//players/#!/julius_randle,375,295,29.2,49.3,29.5,72.4,2.2,6.8,16.1,9.0,2.8,0.7,0.5,2.5,3.2
Levi Randolph,骑士,后卫,1.98,95.3 公斤,0,美国,https://china.nba.com//players/#!/levi_randolph,0,0,0,0,0,0,0,0,0,0,0,0,0,0,0
Cam Reddish,老鹰,前锋-后卫,2.03,98.9 公斤,1,美国,https://china.nba.com//players/#!/cameron_reddish,58,34,26.7,38.4,33.2,80.2,0.6,3.1,10.5,3.7,1.5,1.1,0.5,1.7,2.3
JJ Redick,鹈鹕,后卫,1.90,90.7 公斤,14,美国,https://china.nba.com//players/#!/jj_redick,896,488,25.9,44.8,41.6,89.1,0.2,1.9,13.1,2.1,2.0,0.5,0.1,1.1,1.5
Paul Reed,76人,前锋,2.06,95.3 公斤,0,美国,https://china.nba.com//players/#!/paul_reed,0,0,0,0,0,0,0,0,0,0,0,0,0,0,0
Naz Reid,森林狼,中锋-前锋,2.06,119.7 公斤,1,美国,https://china.nba.com//players/#!/naz_reid,30,11,16.5,41.2,33.0,69.8,1.1,3.0,9.0,4.1,1.2,0.6,0.7,0.7,2.8
Cameron Reynolds,马刺,后卫-前锋,2.01,102.1 公斤,1,美国,https://china.nba.com//players/#!/cameron_reynolds,19,0,13.6,42.3,41.2,88.9,0.2,1.4,5.0,1.6,0.7,0.3,0.1,0.3,1.4
Nick Richards,黄蜂,中锋,2.11,111.1 公斤,0,牙买加,https://china.nba.com//players/#!/nick_richards,0,0,0,0,0,0,0,0,0,0,0,0,0,0,0
Josh Richardson,独行侠,后卫,1.96,90.7 公斤,5,美国,https://china.nba.com//players/#!/josh_richardson,314,243,30.7,42.6,36.3,81.8,0.7,2.5,12.4,3.2,2.9,1.1,0.7,1.5,2.5
Grant Riller,黄蜂,后卫,1.90,86.2 公斤,0,美国,https://china.nba.com//players/#!/grant_riller,0,0,0,0,0,0,0,0,0,0,0,0,0,0,0
Austin Rivers,尼克斯,后卫,1.90,90.7 公斤,8,美国,https://china.nba.com//players/#!/austin_rivers,552,149,24.5,41.8,34.8,64.4,0.3,1.8,9.2,2.1,2.3,0.7,0.2,1.1,2.2
Duncan Robinson,热火,前锋,2.01,97.5 公斤,2,美国,https://china.nba.com//players/#!/duncan_robinson,88,69,26.4,46.5,43.7,91.0,0.1,2.7,11.7,2.9,1.2,0.5,0.2,0.8,2.3
Jerome Robinson,奇才,后卫,1.93,86.2 公斤,2,美国,https://china.nba.com//players/#!/jerome_robinson,96,6,13.5,37.9,31.9,69.7,0.2,1.6,4.5,1.8,1.1,0.4,0.2,0.7,1.7
Mitchell Robinson,尼克斯,中锋-前锋,2.13,108.9 公斤,2,美国,https://china.nba.com//players/#!/mitchell_robinson,127,26,21.8,72.0,0.0,58.3,2.9,3.8,8.5,6.7,0.6,0.8,2.2,0.6,3.2
Glenn Robinson III,国王,前锋,1.98,100.7 公斤,6,美国,https://china.nba.com//players/#!/glenn_robinson iii,0,0,0,0,0,0,0,0,0,0,0,0,0,0,0
Isaiah Roby,雷霆,前锋,2.03,104.3 公斤,1,美国,https://china.nba.com//players/#!/roby_isaiah,3,0,3.7,0.0,0.0,0.0,0.0,0.7,0.0,0.7,0.0,0.0,0.0,0.3,0.3
Rajon Rondo,老鹰,后卫,1.85,81.6 公斤,14,美国,https://china.nba.com//players/#!/rajon_rondo,873,729,31.0,45.8,31.6,60.6,1.0,3.7,10.2,4.7,8.3,1.7,0.1,2.8,2.2
Derrick Rose,活塞,后卫,1.88,90.7 公斤,11,美国,https://china.nba.com//players/#!/derrick_rose,596,504,32.6,45.6,30.4,82.7,0.8,2.6,18.8,3.4,5.6,0.8,0.3,2.6,1.3
Terrence Ross,魔术,后卫-前锋,1.98,93.4 公斤,8,美国,https://china.nba.com//players/#!/terrence_ross,561,176,24.7,42.0,37.0,82.8,0.4,2.5,11.0,2.8,1.1,0.9,0.3,0.9,1.7
Terry Rozier,黄蜂,后卫,1.85,86.2 公斤,5,美国,https://china.nba.com//players/#!/terry_rozier,335,93,22.7,39.4,37.1,81.3,0.6,3.1,9.6,3.7,2.7,0.8,0.2,1.1,1.3
Ricky Rubio,森林狼,后卫,1.90,86.2 公斤,9,西班牙,https://china.nba.com//players/#!/ricky_rubio,563,542,30.9,39.1,32.8,84.1,0.7,3.6,11.3,4.3,7.8,1.9,0.1,2.7,2.6
D 'Angelo Russell,森林狼,后卫,1.93,87.5 公斤,5,美国,https://china.nba.com//players/#!/d'angelo_russell,317,269,29.0,42.0,35.6,77.2,0.6,3.2,17.5,3.7,5.3,1.2,0.3,2.9,1.9
Domantas Sabonis,步行者,前锋-中锋,2.11,108.9 公斤,4,立陶宛,https://china.nba.com//players/#!/domantas_sabonis,291,152,25.6,52.2,32.1,72.2,2.0,6.0,12.1,8.0,2.6,0.6,0.4,1.9,2.9
Luka Samanic,马刺,前锋,2.08,103.0 公斤,1,克罗地亚,https://china.nba.com//players/#!/luka_samanic,3,1,16.0,31.3,37.5,75.0,0.3,3.0,5.3,3.3,2.0,0.0,0.7,0.7,2.0
JaKarr   Sampson,步行者,前锋,2.01,97.1 公斤,5,美国,https://china.nba.com//players/#!/jakarr_sampson,207,90,15.6,46.8,25.1,67.1,0.6,2.1,5.3,2.7,0.8,0.4,0.5,0.8,1.9
Dario Saric,太阳,前锋-中锋,2.08,102.1 公斤,4,克罗地亚,https://china.nba.com//players/#!/dario_saric,306,201,26.4,44.1,35.8,83.7,1.6,4.6,12.2,6.2,2.1,0.6,0.3,1.7,2.2
Tomas Satoransky,公牛,后卫,2.01,95.3 公斤,4,捷克共和国,https://china.nba.com//players/#!/tomas_satoransky,275,151,23.3,46.9,36.9,81.7,0.9,2.2,7.4,3.1,4.1,0.9,0.2,1.4,1.8
Admiral Schofield,雷霆,后卫-前锋,1.96,109.3 公斤,1,英国,https://china.nba.com//players/#!/admiral_schofield,33,2,11.2,38.0,31.1,66.7,0.2,1.2,3.0,1.4,0.5,0.2,0.1,0.2,1.5
Dennis Schroder,湖人,后卫,1.85,78.0 公斤,7,德国,https://china.nba.com//players/#!/dennis_schroder,496,177,25.5,43.6,33.7,82.8,0.4,2.4,14.1,2.8,4.6,0.8,0.1,2.4,1.9
Mike Scott,76人,前锋,2.01,107.5 公斤,8,美国,https://china.nba.com//players/#!/mike_scott,504,22,16.5,45.9,36.4,75.9,0.7,2.5,7.0,3.2,0.9,0.3,0.1,0.7,1.5
Jay Scrubb,快船,后卫,1.98,99.8 公斤,0,美国,https://china.nba.com//players/#!/jay_scrubb,0,0,0,0,0,0,0,0,0,0,0,0,0,0,0
Collin Sexton,骑士,后卫,1.85,86.2 公斤,2,美国,https://china.nba.com//players/#!/collin_sexton,147,137,32.3,45.0,39.2,84.3,0.8,2.2,18.5,3.0,3.0,0.7,0.1,2.3,2.2
Landry Shamet,篮网,后卫,1.93,86.2 公斤,2,美国,https://china.nba.com//players/#!/landry_shamet,132,57,24.7,42.0,40.2,82.8,0.2,1.6,9.2,1.8,1.6,0.4,0.2,0.7,2.3
Simisola Shittu,公牛,中锋-前锋,2.08,108.9 公斤,0,加拿大,https://china.nba.com//players/#!/simisola_shittu,0,0,0,0,0,0,0,0,0,0,0,0,0,0,0
Pascal Siakam,猛龙,前锋,2.06,104.3 公斤,4,喀麦隆,https://china.nba.com//players/#!/pascal_siakam,276,182,26.1,50.0,33.4,76.4,1.2,4.4,12.8,5.6,2.3,0.8,0.7,1.5,2.5
Chris Silva,热火,前锋,2.03,106.1 公斤,1,Gabon,https://china.nba.com//players/#!/chris_silva,44,0,7.9,61.5,0.0,67.3,1.4,1.5,3.0,2.9,0.5,0.2,0.5,0.7,1.9
Ben Simmons,76人,后卫-前锋,2.08,108.9 公斤,3,澳洲,https://china.nba.com//players/#!/ben_simmons,217,217,34.3,56.0,8.3,59.3,2.0,6.3,16.4,8.3,8.0,1.7,0.8,3.5,2.8
Anfernee Simons,开拓者,后卫,1.90,82.1 公斤,2,美国,https://china.nba.com//players/#!/anfernee_simons,90,5,17.7,40.4,33.3,78.7,0.3,1.5,7.3,1.8,1.2,0.3,0.1,0.8,1.6
Deividas Sirvydis,活塞,前锋-后卫,2.03,86.2 公斤,0,立陶宛,https://china.nba.com//players/#!/deividas_sirvydis,0,0,0,0,0,0,0,0,0,0,0,0,0,0,0
Alen Smailagic,勇士,前锋,2.08,97.5 公斤,1,塞尔维亚,https://china.nba.com//players/#!/alen_smailagic,14,0,9.9,50.0,23.1,84.2,0.7,1.2,4.2,1.9,0.9,0.2,0.3,0.8,1.0
Marcus Smart,凯尔特人,后卫,1.90,99.8 公斤,6,美国,https://china.nba.com//players/#!/marcus_smart,401,183,28.9,37.3,31.8,77.5,0.9,2.7,9.9,3.6,4.1,1.6,0.4,1.7,2.6
Ish Smith,奇才,后卫,1.83,79.4 公斤,10,美国,https://china.nba.com//players/#!/ish_smith,610,165,20.2,43.0,31.9,68.3,0.4,2.1,7.8,2.5,3.9,0.7,0.3,1.3,1.3
Jalen Smith,太阳,前锋-中锋,2.08,97.5 公斤,0,美国,https://china.nba.com//players/#!/jalen_smith,0,0,0,0,0,0,0,0,0,0,0,0,0,0,0
Zhaire Smith,灰熊,后卫,1.90,93.0 公斤,2,美国,https://china.nba.com//players/#!/zhaire_smith,13,2,11.0,37.8,31.6,66.7,0.2,0.9,3.7,1.2,0.9,0.4,0.2,0.6,0.9
Dennis Smith Jr.,尼克斯,后卫,1.88,93.0 公斤,3,美国,https://china.nba.com//players/#!/dennis_smith jr.,0,0,0,0,0,0,0,0,0,0,0,0,0,0,0
Xavier Sneed,黄蜂,前锋,1.96,97.5 公斤,0,美国,https://china.nba.com//players/#!/xavier_sneed,0,0,0,0,0,0,0,0,0,0,0,0,0,0,0
Tony Snell,老鹰,后卫,1.98,96.6 公斤,7,美国,https://china.nba.com//players/#!/tony_snell,501,275,22.5,42.8,38.5,83.8,0.3,2.0,6.5,2.3,1.2,0.5,0.2,0.6,1.4
Omari Spellman,尼克斯,前锋,2.03,111.1 公斤,2,美国,https://china.nba.com//players/#!/omari_spellman,95,14,17.8,41.7,36.6,76.6,1.6,2.8,6.8,4.4,1.0,0.6,0.5,0.9,1.4
Cassius Stanley,步行者,后卫,1.96,86.2 公斤,0,美国,https://china.nba.com//players/#!/cassius_stanley,0,0,0,0,0,0,0,0,0,0,0,0,0,0,0
Nik Stauskas,雄鹿,后卫,1.98,93.9 公斤,5,加拿大,https://china.nba.com//players/#!/nik_stauskas,335,63,19.9,38.9,35.3,81.4,0.2,1.8,6.8,2.1,1.5,0.4,0.2,1.0,1.3
Lamar Stevens,骑士,前锋,2.01,104.3 公斤,0,美国,https://china.nba.com//players/#!/lamar_stevens,0,0,0,0,0,0,0,0,0,0,0,0,0,0,0
Isaiah Stewart,活塞,前锋-中锋,2.06,113.4 公斤,0,美国,https://china.nba.com//players/#!/isaiah_stewart,0,0,0,0,0,0,0,0,0,0,0,0,0,0,0
Max Strus,热火,后卫-前锋,1.96,97.5 公斤,1,美国,https://china.nba.com//players/#!/max_strus,2,0,3.0,66.7,0.0,100.0,0.5,0.0,2.5,0.5,0.0,0.0,0.0,0.0,0.5
Edmond Sumner,步行者,后卫,1.93,88.9 公斤,3,美国,https://china.nba.com//players/#!/edmond_sumner,55,5,12.0,40.6,26.3,58.5,0.4,0.9,4.0,1.3,1.2,0.5,0.3,0.6,1.3
Dwayne Sutton,勇士,后卫,1.96,99.8 公斤,0,美国,https://china.nba.com//players/#!/dwayne_sutton,0,0,0,0,0,0,0,0,0,0,0,0,0,0,0
Jae'Sean Tate,火箭,前锋,1.93,104.3 公斤,0,美国,https://china.nba.com//players/#!/jaesean_tate,0,0,0,0,0,0,0,0,0,0,0,0,0,0,0
Jayson Tatum,凯尔特人,前锋-后卫,2.03,95.3 公斤,3,美国,https://china.nba.com//players/#!/jayson_tatum,225,225,31.8,45.7,40.1,82.9,0.8,5.1,17.3,6.0,2.2,1.2,0.8,1.7,2.1
Marlon Taylor,奇才,后卫,1.96,94.8 公斤,0,美国,https://china.nba.com//players/#!/marlon_taylor,0,0,0,0,0,0,0,0,0,0,0,0,0,0,0
Jeff Teague,凯尔特人,后卫,1.90,88.5 公斤,11,美国,https://china.nba.com//players/#!/jeff_teague,771,593,27.5,44.5,35.6,84.4,0.3,2.1,12.6,2.5,5.8,1.2,0.3,2.3,1.9
Garrett Temple,公牛,后卫-前锋,1.96,88.5 公斤,10,美国,https://china.nba.com//players/#!/garrett_temple,576,246,21.1,40.3,34.7,73.9,0.4,1.9,6.4,2.3,1.7,0.8,0.3,0.9,1.9
Tyrell Terry,独行侠,后卫,1.90,72.6 公斤,0,美国,https://china.nba.com//players/#!/tyrell_terry,0,0,0,0,0,0,0,0,0,0,0,0,0,0,0
Jon Teske,魔术,中锋,2.16,120.2 公斤,0,美国,https://china.nba.com//players/#!/jon_teske,0,0,0,0,0,0,0,0,0,0,0,0,0,0,0
Daniel Theis,凯尔特人,前锋-中锋,2.03,111.1 公斤,3,德国,https://china.nba.com//players/#!/daniel_theis,194,69,17.6,55.5,34.4,75.3,1.6,3.1,6.7,4.8,1.2,0.5,0.9,0.7,2.8
Brodric Thomas,火箭,后卫,1.96,83.9 公斤,0,美国,https://china.nba.com//players/#!/brodric_thomas,0,0,0,0,0,0,0,0,0,0,0,0,0,0,0
Matt Thomas,猛龙,后卫,1.93,86.2 公斤,1,美国,https://china.nba.com//players/#!/matt_thomas,41,1,10.7,48.7,47.5,75.0,0.2,1.3,4.9,1.5,0.5,0.2,0.0,0.4,0.9
Klay Thompson,勇士,后卫,1.98,97.5 公斤,8,美国,https://china.nba.com//players/#!/klay_thompson,615,578,33.1,45.9,41.9,84.8,0.4,3.0,19.5,3.5,2.3,0.9,0.5,1.7,2.1
Tristan Thompson,凯尔特人,中锋-前锋,2.06,115.2 公斤,9,加拿大,https://china.nba.com//players/#!/tristan_thompson,619,429,28.1,51.8,28.1,61.0,3.4,5.3,9.4,8.7,1.0,0.5,0.7,1.2,2.3
Sindarius Thornwell,鹈鹕,后卫,1.93,97.5 公斤,3,美国,https://china.nba.com//players/#!/sindarius_thornwell,139,17,10.8,42.0,35.0,68.3,0.3,1.1,2.6,1.4,0.6,0.5,0.2,0.5,1.2
Matisse Thybulle,76人,后卫-前锋,1.96,91.2 公斤,1,美国,https://china.nba.com//players/#!/matisse_thybulle,65,14,19.8,42.3,35.7,61.0,0.7,1.0,4.7,1.7,1.2,1.4,0.7,0.8,2.2
Killian Tillie,灰熊,前锋-中锋,2.08,99.8 公斤,0,法国,https://china.nba.com//players/#!/killian_tillie,0,0,0,0,0,0,0,0,0,0,0,0,0,0,0
Xavier Tillman,灰熊,前锋,2.03,111.1 公斤,0,美国,https://china.nba.com//players/#!/xavier_tillman,0,0,0,0,0,0,0,0,0,0,0,0,0,0,0
Jake Toolson,爵士,后卫,1.96,93.0 公斤,0,美国,https://china.nba.com//players/#!/jake_toolson,0,0,0,0,0,0,0,0,0,0,0,0,0,0,0
Obi Toppin,尼克斯,前锋,2.06,99.8 公斤,0,美国,https://china.nba.com//players/#!/obi_toppin,0,0,0,0,0,0,0,0,0,0,0,0,0,0,0
Juan Toscano-Anderson,勇士,前锋,1.98,94.8 公斤,1,美国,https://china.nba.com//players/#!/juan_toscano-anderson,13,6,20.9,46.0,34.8,60.0,0.7,3.3,5.3,4.0,2.0,1.0,0.4,1.2,2.3
Axel Toupane,勇士,后卫-前锋,2.01,95.3 公斤,2,法国,https://china.nba.com//players/#!/axel_toupane,0,0,0,0,0,0,0,0,0,0,0,0,0,0,0
Karl Anthony Towns,森林狼,中锋-前锋,2.11,112.5 公斤,5,美国,https://china.nba.com//players/#!/karl-anthony_towns,358,358,34.4,53.4,39.6,83.1,3.1,8.6,22.7,11.8,2.8,0.8,1.5,2.5,3.3
Gary Trent Jr.,开拓者,后卫-前锋,1.96,94.8 公斤,2,美国,https://china.nba.com//players/#!/tmp_gary_trent,76,9,19.0,43.2,40.5,76.9,0.3,1.1,7.6,1.5,0.9,0.6,0.2,0.3,1.2
Jahlil Tripp,灰熊,前锋,1.96,97.5 公斤,0,美国,https://china.nba.com//players/#!/jahlil_tripp,0,0,0,0,0,0,0,0,0,0,0,0,0,0,0
P.J. Tucker,火箭,前锋,1.96,111.1 公斤,9,美国,https://china.nba.com//players/#!/pj_tucker,654,478,29.3,42.1,36.1,74.8,1.6,4.2,7.3,5.8,1.4,1.2,0.3,1.0,2.5
Rayjon Tucker,快船,后卫,1.90,94.8 公斤,1,美国,https://china.nba.com//players/#!/rayjon_tucker,20,0,8.1,46.5,17.6,82.6,0.2,0.9,3.1,1.0,0.3,0.1,0.1,0.4,0.5
Myles Turner,步行者,中锋-前锋,2.11,113.4 公斤,5,美国,https://china.nba.com//players/#!/myles_turner,342,309,28.3,48.8,35.7,76.8,1.4,5.2,12.7,6.7,1.2,0.7,2.1,1.3,2.8
Breein Tyree,热火,后卫,1.88,88.5 公斤,0,美国,https://china.nba.com//players/#!/breein_tyree,0,0,0,0,0,0,0,0,0,0,0,0,0,0,0
Jarrod Uthoff,鹈鹕,前锋,2.06,99.8 公斤,2,美国,https://china.nba.com//players/#!/jarrod_uthoff,0,0,0,0,0,0,0,0,0,0,0,0,0,0,0
Jonas Valanciunas,灰熊,中锋,2.11,120.2 公斤,8,立陶宛,https://china.nba.com//players/#!/jonas_valanciunas,559,531,25.3,56.2,35.5,78.1,2.6,6.2,12.4,8.9,0.9,0.4,1.1,1.5,2.8
Denzel Valentine,公牛,后卫,1.93,99.8 公斤,3,美国,https://china.nba.com//players/#!/denzel_valentine,170,42,20.9,40.1,36.6,75.3,0.4,3.2,7.8,3.6,2.1,0.7,0.1,1.0,1.9
Fred VanVleet,猛龙,后卫,1.85,89.4 公斤,4,美国,https://china.nba.com//players/#!/fred_vanvleet,231,82,23.8,41.2,39.3,84.2,0.3,2.3,10.5,2.6,4.1,1.0,0.3,1.3,1.8
Jarred Vanderbilt,森林狼,前锋,2.06,97.1 公斤,2,美国,https://china.nba.com//players/#!/jarred_vanderbilt,28,0,4.1,51.9,0.0,66.7,0.4,0.8,1.3,1.2,0.2,0.3,0.1,0.5,0.5
Devin Vassell,马刺,后卫-前锋,2.01,90.7 公斤,0,美国,https://china.nba.com//players/#!/devin_vassell,0,0,0,0,0,0,0,0,0,0,0,0,0,0,0
Gabe Vincent,热火,后卫,1.90,90.7 公斤,1,美国,https://china.nba.com//players/#!/gabe_vincent,9,0,9.2,21.6,22.2,0.0,0.0,0.6,2.4,0.6,0.7,0.6,0.0,0.1,0.7
Nikola Vucevic,魔术,中锋,2.11,117.9 公斤,9,黑山,https://china.nba.com//players/#!/nikola_vucevic,598,537,30.3,49.9,33.5,74.6,2.7,7.5,16.1,10.2,2.6,0.9,0.9,1.7,2.5
Dean Wade,骑士,前锋-中锋,2.06,103.4 公斤,1,美国,https://china.nba.com//players/#!/dean_wade,12,0,5.9,69.2,50.0,0.0,0.3,1.3,1.7,1.6,0.2,0.2,0.3,0.3,0.7
Moritz Wagner,奇才,前锋-中锋,2.11,111.1 公斤,2,德国,https://china.nba.com//players/#!/moritz_wagner,0,0,0,0,0,0,0,0,0,0,0,0,0,0,0
Kemba Walker,凯尔特人,后卫,1.83,83.5 公斤,9,美国,https://china.nba.com//players/#!/kemba_walker,661,616,33.8,41.9,36.0,83.7,0.6,3.3,19.9,3.8,5.4,1.3,0.4,2.2,1.5
Lonnie Walker IV,马刺,后卫-前锋,1.96,92.5 公斤,2,美国,https://china.nba.com//players/#!/lonnie_walker,78,12,14.2,41.7,40.4,73.2,0.3,1.7,5.6,2.0,1.0,0.5,0.2,0.6,1.1
John Wall,火箭,后卫,1.93,95.3 公斤,9,美国,https://china.nba.com//players/#!/john_wall,573,561,35.9,43.3,32.4,78.1,0.6,3.8,19.0,4.3,9.2,1.7,0.7,3.8,2.3
Brad Wanamaker,勇士,后卫,1.90,95.3 公斤,2,美国,https://china.nba.com//players/#!/brad_wanamaker,107,1,16.0,45.4,37.6,91.5,0.2,1.5,5.9,1.7,2.2,0.7,0.2,0.9,1.6
T.J. Warren,步行者,前锋,2.03,99.8 公斤,6,美国,https://china.nba.com//players/#!/tj_warren,328,232,28.8,50.7,36.1,77.9,1.4,2.8,15.5,4.1,1.2,1.0,0.5,1.0,2.4
P.J. Washington,黄蜂,前锋,2.01,104.3 公斤,1,美国,https://china.nba.com//players/#!/pj_washington,58,57,30.3,45.5,37.4,64.7,1.0,4.5,12.2,5.5,2.1,0.9,0.8,1.6,2.7
Yuta Watanabe,猛龙,后卫-前锋,2.03,97.5 公斤,2,Japan,https://china.nba.com//players/#!/yuta_watanabe,33,0,8.5,35.3,20.8,55.6,0.3,1.2,2.3,1.5,0.4,0.3,0.1,0.2,0.6
Tremont Waters,凯尔特人,后卫,1.78,79.4 公斤,1,美国,https://china.nba.com//players/#!/tremont_waters,11,1,10.8,28.6,16.7,100.0,0.0,1.1,3.6,1.1,1.5,0.9,0.2,1.4,1.2
Paul Watson,猛龙,后卫,1.98,95.3 公斤,1,美国,https://china.nba.com//players/#!/paul_watson,10,0,8.7,38.5,33.3,77.8,0.2,1.5,3.1,1.7,0.8,0.4,0.1,0.3,0.5
Quinndary Weatherspoon,马刺,后卫,1.90,93.0 公斤,1,美国,https://china.nba.com//players/#!/quinndary_weatherspoon,11,0,7.1,29.4,20.0,50.0,0.1,0.6,1.1,0.6,1.0,0.3,0.1,0.5,0.7
Kaleb Wesson,勇士,前锋,2.06,122.5 公斤,0,美国,https://china.nba.com//players/#!/kaleb_wesson,0,0,0,0,0,0,0,0,0,0,0,0,0,0,0
Russell Westbrook,奇才,后卫,1.90,90.7 公斤,12,美国,https://china.nba.com//players/#!/russell_westbrook,878,861,34.6,43.7,30.5,79.9,1.7,5.4,23.2,7.1,8.3,1.8,0.3,4.1,2.6
Coby White,公牛,后卫,1.93,88.5 公斤,1,美国,https://china.nba.com//players/#!/coby_white,65,1,25.8,39.4,35.4,79.1,0.4,3.1,13.2,3.5,2.7,0.8,0.1,1.7,1.8
Derrick White,马刺,后卫,1.93,86.2 公斤,3,美国,https://china.nba.com//players/#!/derrick_white,152,75,23.3,46.9,36.4,81.6,0.5,2.8,9.8,3.3,3.4,0.8,0.7,1.3,2.0
Hassan Whiteside,国王,中锋,2.13,120.2 公斤,8,美国,https://china.nba.com//players/#!/hassan_whiteside,410,320,26.7,58.2,32.0,60.8,3.4,8.4,13.7,11.7,0.7,0.6,2.4,1.6,2.7
Kahlil Whitney,黄蜂,前锋,1.98,95.3 公斤,0,美国,https://china.nba.com//players/#!/kahlil_whitney,0,0,0,0,0,0,0,0,0,0,0,0,0,0,0
Greg Whittington,掘金,前锋,2.06,95.3 公斤,0,美国,https://china.nba.com//players/#!/greg_whittington,0,0,0,0,0,0,0,0,0,0,0,0,0,0,0
Andrew Wiggins,勇士,前锋,2.01,89.4 公斤,6,加拿大,https://china.nba.com//players/#!/andrew_wiggins,454,454,35.8,44.1,33.2,73.2,1.3,3.1,19.7,4.4,2.3,1.0,0.6,2.1,2.2
Grant Williams,凯尔特人,前锋,1.98,107.0 公斤,1,美国,https://china.nba.com//players/#!/grant_williams,69,5,15.1,41.2,25.0,72.2,0.9,1.7,3.4,2.6,1.0,0.4,0.5,0.7,2.4
Kenrich Williams,雷霆,后卫-前锋,1.98,95.3 公斤,2,美国,https://china.nba.com//players/#!/kenrich_williams,85,47,22.5,37.1,30.4,48.9,1.3,3.5,4.9,4.8,1.6,0.9,0.5,0.7,2.2
Lou Williams,快船,后卫,1.85,79.4 公斤,15,美国,https://china.nba.com//players/#!/lou_williams,1001,118,24.9,42.0,34.9,84.0,0.4,1.9,14.5,2.3,3.5,0.9,0.2,1.7,1.3
Patrick Williams,公牛,前锋,2.03,97.5 公斤,0,美国,https://china.nba.com//players/#!/patrick_williams,0,0,0,0,0,0,0,0,0,0,0,0,0,0,0
Robert Williams III,凯尔特人,中锋-前锋,2.03,107.5 公斤,2,美国,https://china.nba.com//players/#!/robert_williams,61,3,11.0,71.9,0.0,63.3,1.1,2.3,3.8,3.4,0.6,0.5,1.2,0.5,1.4
Nigel Williams-Goss,爵士,后卫,1.88,86.2 公斤,1,美国,https://china.nba.com//players/#!/nigel_williams-goss,10,0,5.0,31.3,28.6,100.0,0.2,0.4,1.4,0.6,0.6,0.3,0.1,0.3,0.6
Zion Williamson,鹈鹕,前锋,1.98,128.8 公斤,1,美国,https://china.nba.com//players/#!/zion_williamson,24,24,27.8,58.3,42.9,64.0,2.7,3.6,22.5,6.3,2.1,0.7,0.4,2.5,1.8
D.J. Wilson,雄鹿,前锋,2.08,104.8 公斤,3,美国,https://china.nba.com//players/#!/d.j._wilson,107,4,12.3,41.4,32.2,56.7,0.6,2.5,4.1,3.0,0.7,0.2,0.2,0.5,1.2
Dylan Windler,骑士,后卫-前锋,1.98,88.9 公斤,0,美国,https://china.nba.com//players/#!/dylan_windler,0,0,0,0,0,0,0,0,0,0,0,0,0,0,0
Justise Winslow,灰熊,前锋-后卫,1.98,100.7 公斤,5,美国,https://china.nba.com//players/#!/justise_winslow,241,105,28.4,41.7,33.7,64.6,1.0,4.4,9.0,5.4,2.7,0.9,0.4,1.5,2.5
Cassius Winston,奇才,后卫,1.85,83.9 公斤,0,美国,https://china.nba.com//players/#!/cassius_winston,0,0,0,0,0,0,0,0,0,0,0,0,0,0,0
James Wiseman,勇士,中锋,2.16,108.9 公斤,0,美国,https://china.nba.com//players/#!/james_wiseman,0,0,0,0,0,0,0,0,0,0,0,0,0,0,0
Christian Wood,火箭,前锋,2.08,97.1 公斤,4,美国,https://china.nba.com//players/#!/christian_wood,0,0,0,0,0,0,0,0,0,0,0,0,0,0,0
Robert Woodard II,国王,前锋,2.01,106.6 公斤,0,美国,https://china.nba.com//players/#!/robert_woodard_ii,0,0,0,0,0,0,0,0,0,0,0,0,0,0,0
Kenny Wooten,火箭,前锋,2.03,106.6 公斤,0,美国,https://china.nba.com//players/#!/kenny_wooten,0,0,0,0,0,0,0,0,0,0,0,0,0,0,0
Delon Wright,活塞,后卫,1.96,83.9 公斤,5,美国,https://china.nba.com//players/#!/delon_wright,271,23,19.8,45.0,34.2,79.0,0.8,2.3,7.3,3.1,2.9,1.0,0.4,1.0,1.2
James Young,尼克斯,后卫-前锋,2.01,108.4 公斤,4,美国,https://china.nba.com//players/#!/james_young,95,0,8.5,36.7,27.7,56.3,0.2,0.8,2.3,1.0,0.3,0.3,0.1,0.2,0.6
Thaddeus Young,公牛,前锋,2.03,106.6 公斤,13,美国,https://china.nba.com//players/#!/thaddeus_young,965,687,30.3,49.8,33.3,67.0,2.0,3.9,13.2,5.9,1.7,1.5,0.4,1.5,2.2
Trae Young,老鹰,后卫,1.85,81.6 公斤,2,美国,https://china.nba.com//players/#!/trae_young,141,141,32.8,42.8,34.4,84.7,0.7,3.3,23.6,3.9,8.6,1.0,0.2,4.2,1.7
Cody Zeller,黄蜂,前锋-中锋,2.13,108.9 公斤,7,美国,https://china.nba.com//players/#!/cody_zeller,419,252,22.9,51.3,24.8,73.1,2.0,4.0,8.6,6.0,1.4,0.7,0.7,1.1,2.6
Tyler Zeller,马刺,前锋-中锋,2.11,113.4 公斤,8,美国,https://china.nba.com//players/#!/tyler_zeller,414,166,17.5,50.8,28.6,76.4,1.5,2.9,6.9,4.4,0.9,0.3,0.6,0.8,2.2
Ivica Zubac,快船,中锋,2.13,108.9 公斤,4,克罗地亚,https://china.nba.com//players/#!/ivica_zubac,212,118,16.0,56.5,0.0,75.5,1.9,3.7,7.4,5.6,0.9,0.3,0.8,0.9,2.0
